Symbol,Group,Bottom_Rev_Prob,Top_Rev_Prob,Bottom_Rev_Flag,Top_Rev_Flag,Bullish_Cont_Prob,Bearish_Cont_Prob,Forecast_25d_Pct,Forecast_45d_Pct,Forecast_180d_Pct,Forecast_25d_Price,Forecast_45d_Price,Forecast_180d_Price,ML_Prediction,ML_Confidence
20MICRONS,Industrial,83.5,0.0,True,False,0.0,85.0,1.3,3.0,7.0,153.02,155.57,161.62,Bullish,83.5
360ONE,Financial,72.6,0.0,True,False,0.0,0.1,2.5,4.1,20.3,1066.12,1083.75,1251.45,Reversal,72.6
3MINDIA,Industrial,65.3,0.0,True,False,0.0,0.1,0.5,1.9,8.5,32446.66,32898.28,35021.43,Reversal,65.3
5PAISA,Financial,79.1,0.0,True,False,0.0,86.1,2.5,4.1,20.3,298.75,303.69,350.69,Reversal,79.1
AADHARHFC,Financial,72.7,0.0,True,False,0.0,85.6,2.5,4.1,20.3,460.88,468.5,541.0,Reversal,72.7
AARTIDRUGS,Healthcare,79.0,0.0,True,False,0.0,87.7,0.2,1.4,13.6,343.95,347.79,389.83,Reversal,79.0
AARTIPHARM,Healthcare,84.6,0.0,True,False,0.0,73.5,1.8,1.3,7.9,656.03,652.9,695.51,Reversal,84.6
AAVAS,Financial,83.3,0.0,True,False,0.0,85.7,2.5,4.1,20.3,1125.03,1143.63,1320.6,Bullish,83.3
ABB,Industrial,0.0,68.1,False,True,75.7,0.0,1.9,3.4,16.2,6414.71,6511.44,7314.95,Bullish Continual,75.7
ABCAPITAL,Financial,72.2,0.0,True,False,0.0,0.0,2.6,4.6,20.3,319.2,325.49,374.32,Reversal,72.2
ABSLAMC,Financial,0.0,70.5,False,True,77.9,0.0,2.6,4.6,20.3,968.77,987.86,1136.06,Bullish Continual,77.9
ACC,Industrial,74.7,0.0,True,False,0.0,84.1,1.2,2.5,5.2,1398.52,1416.11,1453.87,Reversal,74.7
ACCELYA,IT,0.0,0.0,False,False,0.0,65.9,0.3,0.2,13.2,1184.83,1184.63,1338.33,Reversal,0.0
ACE,Industrial,74.2,0.0,True,False,0.0,87.5,0.4,1.8,3.6,832.18,843.83,859.31,Bullish,74.2
ACI,Chemicals,0.0,74.1,False,True,0.2,0.0,2.3,2.6,9.6,615.16,616.66,658.68,Bullish Continual,0.2
ADANIENT,Industrial,74.9,0.0,True,False,0.0,86.0,0.0,2.7,9.4,1927.86,1979.28,2108.88,Reversal,74.9
ADANIPORTS,Industrial,75.0,0.0,True,False,0.0,0.1,0.7,1.7,10.2,1375.15,1388.41,1504.72,Reversal,75.0
ADANIPOWER,Industrial,0.0,74.4,False,True,52.9,0.0,2.8,4.7,21.7,155.74,158.61,184.38,Bullish Continual,52.9
ADFFOODS,Consumer,84.0,0.0,True,False,0.0,65.8,2.4,1.1,-2.0,178.69,176.39,170.96,Reversal,84.0
ADOR,Industrial,76.2,0.0,True,False,0.0,86.9,0.1,1.6,6.2,917.98,931.76,973.86,Bullish,76.2
ADVENZYMES,Healthcare,85.9,0.0,True,False,0.0,86.2,2.8,6.2,21.4,280.28,289.4,330.89,Bullish,85.9
AEGISLOG,Industrial,73.8,0.0,True,False,0.0,85.6,0.1,1.7,4.9,612.12,622.26,641.38,Bullish,73.8
AEROFLEX,Industrial,0.0,0.0,False,False,77.9,0.0,2.5,5.1,18.9,239.59,245.78,278.03,Bullish Continual,77.9
AFCONS,Industrial,85.4,0.0,True,False,0.0,82.1,3.5,4.7,0.6,288.63,291.81,280.55,Bullish,85.4
AFFLE,IT,80.5,0.0,True,False,0.0,80.3,2.0,1.3,10.2,1311.88,1302.45,1416.29,Reversal,80.5
AFSL,Financial,0.0,0.0,False,False,0.0,0.2,2.5,4.1,51.1,205.93,209.33,303.65,Bullish,0.0
AGARIND,Chemicals,83.8,0.0,True,False,0.0,51.2,4.2,2.9,-2.3,429.91,424.41,402.99,Reversal,83.8
AGI,Industrial,89.3,0.0,True,False,0.0,82.3,4.4,8.9,9.5,521.19,543.38,546.35,Bullish,89.3
AGIIL,Industrial,0.0,79.0,False,True,81.7,0.0,4.7,8.3,17.4,326.41,337.51,365.89,Bullish Continual,81.7
AHLUCONT,Industrial,85.5,0.0,True,False,0.0,82.7,2.5,5.0,5.4,742.78,761.27,763.74,Reversal,85.5
AIAENG,Industrial,75.4,0.0,True,False,0.0,0.1,0.1,2.1,7.2,3411.61,3480.86,3656.5,Reversal,75.4
AIRAN,IT,81.1,0.0,True,False,0.0,90.4,0.3,2.9,22.1,15.27,15.66,18.58,Reversal,81.1
AJANTPHARM,Healthcare,0.0,0.0,False,False,73.8,0.0,1.9,3.1,8.4,2960.68,2995.42,3148.17,Bullish,0.0
AKSHARCHEM,Chemicals,78.7,0.0,True,False,0.0,84.2,1.4,5.5,-5.4,186.68,194.21,174.05,Reversal,78.7
AKUMS,Healthcare,0.0,0.1,False,False,0.0,0.0,1.7,1.6,14.0,491.49,491.03,551.18,Bullish,0.0
ALEMBICLTD,Industrial,80.4,0.0,True,False,0.0,85.1,0.8,2.2,6.3,80.53,81.69,84.93,Reversal,80.4
ALKEM,Healthcare,0.0,0.0,False,False,0.0,0.1,1.3,2.3,8.7,5324.6,5379.12,5716.65,Bullish,0.0
ALKYLAMINE,Chemicals,66.0,0.0,True,False,0.0,87.0,0.2,1.9,8.3,1294.45,1316.35,1399.51,Reversal,66.0
ALLDIGI,Industrial,75.3,0.0,True,False,0.0,86.3,0.2,1.4,3.6,735.3,744.31,760.39,Reversal,75.3
AMBUJACEM,Industrial,81.6,0.0,True,False,0.0,83.9,1.3,4.3,6.9,426.11,438.68,449.44,Reversal,81.6
AMNPLST,Chemicals,77.6,0.0,True,False,0.0,85.9,1.8,3.4,26.7,154.74,157.03,192.52,Bullish Continual,0.0
AMRUTANJAN,Healthcare,85.5,0.0,True,False,0.0,79.1,3.5,4.1,17.1,533.76,536.74,603.48,Bullish,85.5
ANANDRATHI,Financial,0.0,0.0,False,False,0.1,0.0,2.6,4.6,20.3,3080.08,3140.77,3611.96,Bullish,0.0
ANUP,Industrial,86.2,0.0,True,False,0.0,85.7,3.4,3.0,10.3,1642.45,1635.37,1751.89,Bullish Continual,0.0
APARINDS,Industrial,0.0,0.0,False,False,77.2,0.0,3.4,5.5,22.7,9998.06,10201.4,11864.12,Bullish,0.0
APLAPOLLO,Industrial,74.9,0.0,True,False,75.1,0.0,1.6,3.0,11.6,2003.95,2032.61,2201.46,Bullish,74.9
APLLTD,Healthcare,81.9,0.0,True,False,0.0,77.3,2.3,2.4,13.2,692.56,693.28,766.96,Reversal,81.9
APOLLOHOSP,Healthcare,0.0,0.0,False,False,0.1,0.0,1.6,2.0,9.9,7479.81,7510.47,8092.53,Bullish,0.0
APOLLOTYRE,Industrial,78.3,0.0,True,False,0.0,83.0,1.1,1.7,8.3,425.31,428.0,455.88,Bullish,78.3
ARE&M,Industrial,73.2,0.0,True,False,0.0,86.9,-0.3,0.6,4.3,757.06,763.91,792.13,Bearish,0.0
ARIHANTCAP,Financial,86.9,0.0,True,False,0.0,87.3,2.5,4.1,20.3,69.68,70.83,81.79,Reversal,86.9
ARROWGREEN,Industrial,86.1,0.0,True,False,0.0,85.8,3.0,6.3,8.8,389.95,402.45,411.85,Bullish,86.1
ARVIND,Industrial,0.0,0.0,False,False,74.1,0.0,1.7,2.6,14.7,365.25,368.56,411.96,Bullish Continual,74.1
ASAHIINDIA,Industrial,78.3,0.0,True,False,0.0,0.2,0.9,4.0,14.9,818.07,842.64,931.58,Reversal,78.3
ASALCBR,Consumer,82.1,0.0,True,False,0.0,80.0,-0.2,1.1,7.8,726.68,735.58,784.92,Bearish,0.0
ASHAPURMIN,Industrial,93.6,0.0,True,False,0.0,75.6,8.3,13.0,29.9,544.48,568.17,653.15,Reversal,93.6
ASHOKA,Industrial,89.1,0.0,True,False,0.0,80.4,6.4,10.3,11.4,121.01,125.44,126.7,Reversal,89.1
ASIANPAINT,Consumer,74.4,0.0,True,False,0.0,82.0,0.8,2.4,5.5,2212.08,2247.52,2315.97,Reversal,74.4
ASKAUTOLTD,Industrial,76.4,0.0,True,False,0.0,86.7,0.5,1.0,5.4,411.19,413.16,431.41,Bullish,76.4
ASTERDM,Healthcare,0.0,0.0,False,False,0.1,0.0,2.0,3.7,11.0,639.33,649.95,695.98,Bullish,0.0
ASTRAL,Industrial,0.0,0.0,False,False,75.9,0.0,1.9,3.2,17.7,1663.37,1683.54,1920.23,Bullish,0.0
ATGL,Industrial,0.0,78.6,False,True,0.0,0.1,0.2,2.0,13.2,553.09,563.17,624.97,Bullish Continual,0.0
ATUL,Chemicals,66.6,0.0,True,False,0.0,0.0,1.0,2.4,5.2,6309.83,6392.13,6569.02,Reversal,66.6
AUBANK,Financial,69.4,0.0,True,False,0.0,0.0,2.6,4.6,20.3,924.52,942.73,1084.17,Bullish,69.4
AURIONPRO,IT,76.2,0.0,True,False,0.0,86.2,1.5,2.5,5.3,827.36,836.07,858.92,Bullish,76.2
AUROPHARMA,Healthcare,0.0,66.4,False,True,76.5,0.0,1.5,2.9,10.0,1310.93,1328.71,1420.17,Bullish Continual,76.5
AVANTEL,Industrial,82.8,0.0,True,False,0.0,87.6,1.6,4.3,16.6,129.45,132.8,148.51,Bullish,82.8
AVANTIFEED,Consumer,84.5,0.0,True,False,75.9,0.0,10.0,8.9,29.1,1326.19,1313.42,1556.83,Bullish,84.5
AWHCL,Industrial,80.7,0.0,True,False,0.0,85.8,0.1,2.1,16.0,439.2,447.65,508.61,Reversal,80.7
AXISBANK,Financial,64.8,0.0,True,False,0.0,0.0,2.5,4.1,20.3,1233.42,1253.82,1447.84,Bullish,64.8
AXISCADES,Industrial,0.0,0.0,False,False,76.4,0.0,2.8,4.8,24.9,1465.54,1493.97,1781.73,Bullish Continual,76.4
BAJAJ-AUTO,Industrial,69.7,0.0,True,False,0.0,0.0,0.6,1.6,11.7,9101.28,9196.63,10111.17,Reversal,69.7
BAJAJCON,Consumer,0.0,0.0,False,False,80.8,0.0,5.2,4.3,23.8,385.43,382.1,453.38,Bullish Continual,80.8
BAJAJFINSV,Financial,63.0,0.0,True,False,0.0,86.4,2.5,4.1,16.5,1752.24,1781.22,1992.36,Reversal,63.0
BAJAJHLDNG,Financial,62.9,0.0,True,False,0.0,74.6,2.5,3.5,11.6,9745.25,9842.8,10617.6,Bullish,62.9
BAJAJINDEF,Industrial,88.1,0.0,True,False,0.0,87.8,2.2,1.0,6.8,237.87,235.12,248.6,Bullish,88.1
BAJFINANCE,Financial,69.6,0.0,True,False,0.0,0.3,2.5,4.1,20.3,850.92,864.99,998.84,Reversal,69.6
BALAMINES,Chemicals,0.0,0.0,False,False,0.0,78.2,1.1,3.0,8.2,1078.92,1099.03,1154.33,Bullish Continual,0.0
BALKRISIND,Industrial,75.0,0.0,True,False,0.0,86.0,-0.1,1.8,7.1,2102.12,2142.09,2254.12,Bearish,0.0
BALRAMCHIN,Consumer,0.0,72.1,False,True,0.2,0.0,1.6,2.7,15.6,493.65,499.22,561.7,Bullish Continual,0.2
BALUFORGE,Industrial,86.5,0.0,True,False,0.0,83.9,2.2,3.5,18.9,447.55,453.19,520.7,Bullish,86.5
BANCOINDIA,Industrial,84.1,0.0,True,False,0.0,85.4,2.8,3.7,22.5,569.06,574.03,678.25,Bullish,84.1
BANKBARODA,Financial,73.1,0.0,True,False,0.0,0.0,2.5,4.1,20.3,286.81,291.56,336.67,Bullish,73.1
BANKINDIA,Financial,79.1,0.0,True,False,0.6,0.0,2.6,4.6,20.3,154.33,157.37,180.98,Reversal,79.1
BASF,Chemicals,73.5,0.0,True,False,0.0,85.8,-0.1,1.4,15.0,3307.35,3360.2,3810.01,Bearish,0.0
BATAINDIA,Consumer,82.5,0.0,True,False,0.0,82.2,3.8,4.5,9.0,688.25,693.06,722.86,Reversal,82.5
BBOX,IT,0.0,0.0,False,False,0.0,0.0,2.4,4.6,16.1,516.26,527.79,585.48,Bullish,0.0
BBTC,Consumer,77.7,0.0,True,False,0.0,86.8,0.0,0.9,9.2,1504.82,1518.65,1643.46,Reversal,77.7
BCLIND,Consumer,75.2,0.0,True,False,0.0,88.9,1.5,4.6,26.1,27.52,28.35,34.17,Bullish,75.2
BECTORFOOD,Consumer,82.0,0.0,True,False,0.0,88.0,0.6,3.0,9.4,183.9,188.32,200.04,Reversal,82.0
BEL,Industrial,0.0,0.0,False,False,77.3,0.0,2.1,4.7,18.0,435.07,446.31,502.81,Bullish,0.0
BEPL,Chemicals,0.0,0.1,False,False,0.0,0.2,1.9,4.1,21.9,88.16,90.06,105.44,Bullish Continual,0.0
BERGEPAINT,Consumer,72.6,0.0,True,False,0.0,87.0,0.0,1.2,9.7,416.89,421.88,457.21,Bullish,72.6
BETA,Healthcare,0.0,0.0,False,False,0.0,78.1,6.5,5.6,11.9,1178.42,1167.58,1237.44,Bullish,0.0
BHARATFORG,Industrial,0.0,0.0,False,False,79.3,0.0,2.7,4.3,21.1,1757.4,1784.4,2071.79,Bullish,0.0
BHARATRAS,Chemicals,85.2,0.0,True,False,0.0,78.8,7.4,6.4,11.3,1369.85,1357.33,1420.49,Reversal,85.2
BHARTIARTL,Industrial,64.1,0.0,True,False,0.0,0.1,1.3,1.6,8.4,1870.63,1876.45,2001.22,Reversal,64.1
BIKAJI,Consumer,0.0,0.0,False,False,0.0,86.1,0.5,1.4,7.5,632.61,638.69,676.86,Bullish,0.0
BIRLAMONEY,Financial,84.6,0.0,True,False,0.0,89.5,2.5,4.1,16.5,114.7,116.59,130.41,Bullish,84.6
BLS,Consumer,83.1,0.0,True,False,0.0,87.2,0.7,3.4,6.6,242.35,248.89,256.56,Reversal,83.1
BLSE,IT,82.7,0.0,True,False,0.0,84.6,1.0,0.9,5.6,145.83,145.71,152.43,Bullish Continual,0.0
BLUEDART,Industrial,60.4,0.0,True,False,0.0,86.8,-0.1,0.7,5.9,5097.95,5138.93,5401.77,Bearish,0.0
BLUESTARCO,Consumer,77.8,0.0,True,False,0.0,0.0,0.6,2.4,12.2,1719.15,1750.13,1917.11,Bullish,77.8
BOROLTD,Consumer,74.0,0.0,True,False,0.0,87.2,0.5,3.0,14.2,223.22,228.7,253.49,Reversal,74.0
BOSCHLTD,Industrial,67.1,0.0,True,False,0.0,86.7,0.1,1.1,9.3,30420.66,30736.88,33214.53,Reversal,67.1
BPCL,Industrial,80.3,0.0,True,False,0.0,0.1,0.8,2.7,7.7,290.15,295.57,309.94,Bullish,80.3
BRIGADE,Industrial,86.2,0.0,True,False,0.0,84.5,3.6,5.2,6.5,666.87,677.51,685.62,Reversal,86.2
BRITANNIA,Consumer,66.7,0.0,True,False,0.0,0.2,0.5,2.0,9.8,5648.7,5729.76,6169.05,Bullish,66.7
BSOFT,IT,79.9,0.0,True,False,0.0,84.5,0.3,2.4,13.9,359.19,366.77,407.72,Reversal,79.9
CAMPUS,Consumer,76.2,0.0,True,False,0.0,87.8,0.4,1.6,11.0,225.83,228.7,249.78,Reversal,76.2
CAMS,Financial,70.8,0.0,True,False,0.0,85.7,2.5,4.1,20.3,656.41,667.27,770.52,Reversal,70.8
CANBK,Financial,76.9,0.0,True,False,0.0,0.0,2.6,4.6,20.3,139.92,142.68,164.09,Bullish,76.9
CAPACITE,Industrial,80.3,0.0,True,False,0.0,90.4,-0.2,3.0,10.6,223.51,230.58,247.65,Bearish Continual,90.4
CAPLIPOINT,Healthcare,77.6,0.0,True,False,0.0,85.1,0.5,1.0,6.8,1611.68,1620.68,1713.77,Reversal,77.6
CARBORUNIV,Industrial,72.6,0.0,True,False,0.0,87.0,-0.1,0.4,5.5,756.11,759.91,798.33,Bearish,0.0
CARRARO,Industrial,84.9,0.0,True,False,0.0,0.1,3.1,5.0,17.9,455.49,463.83,521.27,Bullish,84.9
CARYSIL,Consumer,82.6,0.0,True,False,0.0,0.1,1.7,1.5,11.0,794.57,793.06,867.58,Bullish,82.6
CCL,Consumer,0.0,72.2,False,True,76.8,0.0,2.1,4.3,15.1,1110.52,1134.05,1252.33,Bullish Continual,76.8
CDSL,Financial,80.2,0.0,True,False,0.0,83.4,2.5,4.1,20.3,1220.0,1240.18,1432.08,Bullish,80.2
CEATLTD,Industrial,78.3,0.0,True,False,0.0,0.1,1.3,3.9,12.3,3583.44,3674.46,3973.77,Bullish Continual,0.0
CELLO,Consumer,84.2,0.0,True,False,0.0,86.2,0.7,4.3,8.7,426.35,441.8,460.13,Bullish Continual,0.0
CENTRALBK,Financial,73.9,0.0,True,False,0.0,89.4,2.5,4.1,20.3,35.01,35.59,41.09,Bullish,73.9
CENTURYPLY,Consumer,77.0,0.0,True,False,0.0,87.8,0.7,1.8,10.4,655.26,662.45,718.28,Reversal,77.0
CERA,Consumer,75.2,0.0,True,False,0.0,89.3,-0.0,1.4,9.2,4751.44,4822.0,5190.84,Bullish Continual,0.0
CESC,Industrial,0.0,0.0,False,False,0.0,86.2,0.1,1.8,5.5,152.95,155.52,161.18,Bullish,0.0
CGPOWER,Industrial,0.0,0.0,False,False,0.0,0.0,0.8,2.2,11.3,687.08,696.77,758.56,Bullish,0.0
CHAMBLFERT,Chemicals,69.9,0.0,True,False,0.0,86.2,-0.6,1.3,8.6,425.85,434.02,465.51,No Signal,
CHEMBOND,Chemicals,77.9,0.0,True,False,0.0,87.4,-1.5,-1.0,3.3,124.4,125.02,130.46,No Signal,
CHOICEIN,Financial,80.4,0.0,True,False,0.0,86.1,2.5,4.1,20.3,629.98,640.4,739.49,Reversal,80.4
CHOLAFIN,Financial,63.0,0.0,True,False,0.0,0.3,2.5,4.1,20.3,1475.82,1500.23,1732.38,Reversal,63.0
CHOLAHLDNG,Financial,79.2,0.0,True,False,0.0,82.3,2.5,3.8,20.3,1442.12,1461.48,1692.81,Bullish,79.2
CIEINDIA,Industrial,0.0,0.0,False,False,74.2,0.0,1.0,3.1,16.0,465.69,475.27,534.75,Bullish Continual,74.2
CIGNITITEC,IT,74.3,0.0,True,False,0.0,71.6,4.8,8.4,16.1,1120.07,1158.41,1240.68,Reversal,74.3
CIPLA,Healthcare,71.1,0.0,True,False,0.0,85.5,0.3,0.5,5.9,1260.42,1262.27,1330.97,Bullish,71.1
COALINDIA,Industrial,0.0,68.1,False,True,77.3,0.0,1.4,2.9,16.8,474.77,481.93,546.91,Bullish Continual,77.3
COCHINSHIP,Industrial,78.1,0.0,True,False,0.0,85.8,-0.1,1.8,5.4,1340.01,1365.59,1414.11,Bearish,0.0
COFORGE,IT,73.3,0.0,True,False,0.0,68.1,5.3,7.6,14.8,1146.96,1172.61,1250.51,Reversal,73.3
COLPAL,Consumer,67.4,0.0,True,False,0.0,86.5,0.3,0.8,13.9,1901.76,1912.0,2159.19,Bullish,67.4
COMSYN,Industrial,75.6,0.0,True,False,0.3,0.0,3.3,6.6,20.5,158.4,163.49,184.84,Reversal,75.6
CONCOR,Industrial,74.2,0.0,True,False,0.0,85.5,0.1,0.6,4.7,447.65,450.11,468.38,Reversal,74.2
CONCORDBIO,Healthcare,0.1,0.0,False,False,0.0,82.9,6.1,5.7,16.2,1158.55,1154.67,1269.56,Bullish,0.1
CONTROLPR,IT,0.0,0.0,False,False,0.0,84.7,0.3,0.5,12.0,624.6,625.48,696.96,Reversal,0.0
COROMANDEL,Chemicals,68.2,0.0,True,False,0.0,87.5,-0.6,1.4,5.9,1900.24,1937.37,2024.34,Bearish,0.0
COSMOFIRST,Industrial,77.9,0.0,True,False,0.0,88.8,-0.8,0.8,8.5,619.24,629.24,677.69,Bearish,0.0
CREDITACC,Financial,73.7,0.0,True,False,0.0,88.5,2.5,4.1,20.3,1185.27,1204.87,1391.32,Reversal,73.7
CRISIL,Financial,68.6,0.0,True,False,0.0,77.8,2.5,4.1,20.3,4098.5,4166.28,4810.98,Reversal,68.6
CUMMINSIND,Industrial,0.0,0.0,False,False,0.0,0.0,2.3,4.3,15.9,4721.91,4814.14,5347.43,Bullish,0.0
CUPID,Consumer,0.0,0.0,False,False,0.1,0.0,-1.5,34.8,21.1,78.44,107.27,96.37,No Signal,
CYBERTECH,IT,84.8,0.0,True,False,0.0,85.5,1.8,0.5,12.0,112.07,110.62,123.37,Bullish Continual,0.0
CYIENT,IT,84.9,0.0,True,False,0.0,78.4,3.1,4.2,4.1,850.95,859.68,859.59,Reversal,84.9
DABUR,Consumer,72.0,0.0,True,False,0.0,71.3,0.7,2.5,12.5,433.82,441.62,484.48,Reversal,72.0
DALMIASUG,Consumer,0.0,80.3,False,True,0.0,0.0,1.1,2.6,16.4,324.13,328.83,373.13,Bullish,0.0
DAMCAPITAL,Financial,91.0,0.0,True,False,0.0,80.2,6.6,8.4,33.0,138.43,140.76,172.65,Reversal,91.0
DATAMATICS,IT,73.4,0.0,True,False,0.0,86.9,-1.9,-0.0,-0.4,673.65,686.03,683.8,No Signal,
DBCORP,Industrial,80.2,0.0,True,False,0.0,85.6,1.0,1.2,5.9,209.58,210.15,219.78,Bullish,80.2
DCMSHRIRAM,Industrial,0.0,0.0,False,False,0.0,85.8,0.6,2.1,7.8,1047.09,1062.98,1121.91,Bullish,0.0
DCMSRIND,Consumer,0.0,0.0,False,False,0.0,90.8,8.4,8.6,97.7,38.29,38.35,69.83,Bullish Continual,0.0
DEEPAKFERT,Chemicals,88.1,0.0,True,False,0.0,81.2,2.9,6.3,20.4,935.3,966.01,1093.84,Reversal,88.1
DEEPAKNTR,Chemicals,71.2,0.0,True,False,0.0,86.9,-0.5,1.1,14.6,1383.1,1405.51,1593.87,No Signal,
DELTACORP,Consumer,83.5,0.0,True,False,0.0,88.2,0.9,3.5,14.6,54.39,55.79,61.77,Reversal,83.5
DENTA,Industrial,87.2,0.0,True,False,0.0,83.7,3.0,4.0,3.0,248.93,251.36,248.8,Bullish,87.2
DEVIT,IT,0.1,82.0,False,True,0.0,84.8,-1.4,-1.1,17.1,27.19,27.27,32.29,No Signal,
DHANUKA,Chemicals,76.9,0.0,True,False,0.0,88.8,0.4,2.4,19.9,966.12,985.13,1153.76,Reversal,76.9
DICIND,Chemicals,68.0,0.0,True,False,0.0,0.2,0.3,1.8,8.5,499.14,506.77,539.97,Reversal,68.0
DIVISLAB,Healthcare,0.0,0.0,False,False,0.0,0.2,0.8,1.2,5.7,6151.55,6175.61,6446.11,Bullish,0.0
DIXON,Consumer,81.6,0.0,True,False,0.0,83.4,0.5,3.8,12.1,10392.38,10735.48,11595.7,Bullish,81.6
DLF,Industrial,79.7,0.0,True,False,0.0,85.3,0.2,2.0,4.8,541.79,551.49,566.54,Reversal,79.7
DLINKINDIA,IT,0.0,0.0,False,False,0.0,78.5,-0.1,1.8,16.3,393.77,401.13,458.24,No Signal,
DMART,Consumer,0.0,0.0,False,False,0.0,0.1,0.5,1.8,13.8,3788.23,3837.62,4292.56,Bullish,0.0
DODLA,Consumer,76.1,0.0,True,False,0.0,89.1,-0.1,2.7,21.1,1013.34,1041.67,1228.35,No Signal,
DOLATALGO,Financial,79.0,0.0,True,False,0.0,87.6,2.5,4.1,20.3,73.07,74.28,85.77,Reversal,79.0
DOLLAR,Industrial,86.2,0.0,True,False,0.0,82.4,3.9,5.3,6.7,270.28,273.79,277.36,Reversal,86.2
DOMS,Consumer,0.0,0.0,False,False,0.0,86.9,0.7,2.9,17.6,2294.21,2345.5,2679.14,Bullish Continual,0.0
DPABHUSHAN,Consumer,86.9,0.0,True,False,0.0,86.0,3.9,6.5,21.5,1065.73,1092.25,1246.32,Bullish,86.9
DREAMFOLKS,Industrial,89.3,0.0,True,False,0.0,84.7,9.1,25.0,104.8,77.05,88.27,144.58,Reversal,89.3
DRREDDY,Healthcare,0.0,0.0,False,False,0.1,0.0,1.8,3.1,11.4,1322.16,1338.54,1447.32,Bullish Continual,0.1
DSSL,IT,76.3,0.0,True,False,0.0,85.8,-0.4,0.7,3.9,894.36,903.72,932.19,No Signal,
EASEMYTRIP,Consumer,83.2,0.0,True,False,0.0,90.7,0.2,1.7,-0.6,6.86,6.96,6.81,Reversal,83.2
ECLERX,Industrial,91.0,0.0,True,False,0.0,78.9,7.9,12.5,21.2,1584.61,1652.14,1780.5,Reversal,91.0
ECOSMOBLTY,Industrial,91.9,0.0,True,False,0.0,83.0,8.5,9.5,37.8,121.34,122.52,154.13,Reversal,91.9
EDELWEISS,Financial,79.3,0.0,True,False,0.0,0.0,2.5,4.1,20.3,107.27,109.04,125.91,Reversal,79.3
EICHERMOT,Industrial,69.4,0.0,True,False,0.0,0.0,0.7,2.4,12.9,6955.02,7075.38,7803.59,Bullish,69.4
EIDPARRY,Consumer,79.0,0.0,True,False,0.0,88.3,0.3,1.0,5.1,791.79,797.01,829.62,Reversal,79.0
EIHOTEL,Consumer,77.3,0.0,True,False,0.0,88.5,0.7,2.2,16.5,311.68,316.36,360.71,Reversal,77.3
ELECON,Industrial,81.5,0.0,True,False,0.0,87.6,0.2,1.8,5.0,390.5,396.73,409.16,Reversal,81.5
ELECTCAST,Industrial,0.0,64.0,False,True,0.0,0.1,0.5,2.1,13.4,75.18,76.37,84.83,Bullish Continual,0.0
ELGIEQUIP,Industrial,77.0,0.0,True,False,0.0,0.0,0.4,2.0,10.7,481.92,489.45,531.33,Bullish,77.0
EMAMILTD,Consumer,77.1,0.0,True,False,0.0,85.6,0.4,1.8,5.9,404.31,409.89,426.63,Reversal,77.1
EMCURE,Healthcare,0.0,0.0,False,False,73.5,0.0,2.8,5.0,10.4,1519.85,1552.75,1631.32,Bullish Continual,73.5
EMIL,Consumer,83.8,0.0,True,False,0.0,89.9,0.6,2.2,8.6,92.57,94.03,99.92,Bullish,83.8
EMKAY,Financial,84.3,0.0,True,False,0.0,88.1,2.5,4.1,20.3,228.13,231.9,267.79,Bullish,84.3
EMSLIMITED,Industrial,0.0,0.0,False,False,0.0,85.2,3.6,8.1,30.1,307.84,320.96,386.5,Bullish Continual,0.0
EMUDHRA,IT,83.3,0.0,True,False,0.0,81.6,3.9,1.6,13.7,410.83,401.73,449.61,Reversal,83.3
ENDURANCE,Industrial,76.9,0.0,True,False,0.0,85.1,0.1,1.7,11.8,2283.47,2319.02,2548.91,Bullish,76.9
ENGINERSIN,Industrial,77.8,0.0,True,False,0.0,0.0,0.2,2.0,13.5,191.98,195.53,217.49,Bullish,77.8
EPIGRAL,Chemicals,79.4,0.0,True,False,0.0,81.1,6.8,7.5,19.5,903.41,908.98,1010.78,Reversal,79.4
ERIS,Healthcare,0.1,0.0,False,False,0.0,84.9,0.8,1.4,6.8,1294.89,1302.39,1371.93,Bullish,0.1
ESABINDIA,Industrial,0.0,0.0,False,False,0.0,0.1,1.0,1.6,9.7,5462.66,5492.14,5930.61,Reversal,0.0
ESCORTS,Industrial,77.3,0.0,True,False,0.0,84.1,-0.2,1.7,5.2,3052.67,3112.37,3218.83,No Signal,
EVEREADY,Consumer,78.3,0.0,True,False,0.0,90.0,0.3,1.8,10.9,301.6,306.07,333.56,Bullish,78.3
EXPLEOSOL,IT,76.2,0.0,True,False,0.0,77.7,2.3,2.5,11.5,736.94,738.16,803.32,Reversal,76.2
FCL,Chemicals,78.4,0.0,True,False,0.0,86.2,1.8,2.2,22.7,22.15,22.26,26.71,Reversal,78.4
FDC,Healthcare,84.7,0.0,True,False,0.0,83.2,2.4,3.1,10.3,340.79,343.18,367.01,Bullish,84.7
FIEMIND,Industrial,78.6,0.0,True,False,0.0,0.1,1.3,2.9,15.0,2053.78,2085.68,2330.28,Reversal,78.6
FILATEX,Industrial,82.7,0.0,True,False,0.0,87.5,1.6,3.7,13.9,41.33,42.2,46.33,Reversal,82.7
FINCABLES,Industrial,0.0,79.1,False,True,0.1,0.0,0.8,2.2,14.1,885.22,897.7,1001.9,Bullish Continual,0.1
FINEORG,Chemicals,59.9,0.0,False,False,0.0,0.2,0.5,2.1,8.2,4278.86,4345.98,4606.98,Reversal,59.9
FINPIPE,Industrial,71.3,0.0,True,False,0.0,0.0,0.0,1.0,7.6,174.68,176.4,187.83,Bullish,71.3
FIVESTAR,Financial,89.2,0.0,True,False,0.0,85.1,5.0,7.1,20.3,368.04,375.59,421.7,Reversal,89.2
FLAIR,Consumer,0.0,0.0,False,False,0.0,0.0,1.8,3.6,17.4,313.08,318.34,360.97,Bullish Continual,0.0
FLUOROCHEM,Chemicals,54.3,0.0,False,False,0.0,85.0,-0.7,1.6,5.0,3161.76,3233.96,3344.58,No Signal,
FMGOETZE,Industrial,81.3,0.0,True,False,0.0,87.1,0.9,2.5,7.9,385.6,391.65,412.18,Reversal,81.3
FOCUS,Consumer,0.0,0.0,False,False,0.0,90.0,1.5,1.9,9.9,67.57,67.85,73.12,Bullish,0.0
FORCEMOT,Industrial,80.1,0.0,True,False,78.1,0.0,3.2,4.4,17.8,22272.46,22528.02,25419.75,Bullish,80.1
FORTIS,Healthcare,79.1,0.0,True,False,0.0,0.3,1.3,2.2,5.9,833.11,840.2,870.56,Bullish,79.1
FSL,Industrial,89.8,0.0,True,False,0.0,78.3,6.2,11.1,10.5,230.52,240.97,239.76,Bullish,89.8
GABRIEL,Industrial,83.7,0.0,True,False,0.0,86.0,2.1,3.3,20.9,881.38,891.36,1043.61,Bullish,83.7
GAEL,Consumer,52.0,0.0,False,False,71.2,0.0,1.4,3.0,13.5,136.33,138.49,152.69,Bullish Continual,71.2
GAIL,Industrial,75.8,0.0,True,False,0.0,86.0,-0.5,1.8,7.1,142.22,145.4,152.98,Bearish,0.0
GALAXYSURF,Chemicals,77.5,0.0,True,False,0.0,84.0,-0.0,0.0,11.7,1640.79,1641.67,1833.72,Bullish,77.5
GALLANTT,Industrial,0.0,0.0,False,False,0.3,0.0,2.6,4.8,23.3,570.31,582.51,685.75,Bullish Continual,0.3
GANECOS,Industrial,0.0,80.2,False,True,0.0,87.0,1.1,3.0,13.6,814.37,829.74,914.97,Bullish Continual,0.0
GARFIBRES,Industrial,77.2,0.0,True,False,0.0,88.2,0.5,1.7,11.0,614.54,621.93,678.77,Bullish,77.2
GATEWAY,Industrial,76.3,0.0,True,False,0.0,87.1,-0.1,1.3,6.0,51.01,51.71,54.11,No Signal,
GENESYS,IT,91.6,0.0,True,False,0.0,78.0,10.1,16.5,100.5,296.82,314.24,540.75,Reversal,91.6
GENUSPOWER,Industrial,79.9,0.0,True,False,0.0,87.9,-0.3,0.8,7.1,238.47,241.1,256.09,Bearish,0.0
GESHIP,Industrial,0.0,71.5,False,True,79.7,0.0,3.3,5.9,21.0,1477.29,1513.79,1730.48,Bullish Continual,79.7
GICRE,Financial,0.0,0.0,False,False,0.0,0.2,2.5,4.1,20.3,381.28,387.58,447.56,Bullish,0.0
GIPCL,Industrial,0.0,0.0,False,False,0.0,86.2,1.0,2.1,10.5,134.21,135.62,146.83,Reversal,0.0
GLAND,Healthcare,73.1,0.0,True,False,0.0,0.2,-0.6,1.0,-0.7,1617.51,1642.84,1616.11,No Signal,
GLAXO,Healthcare,73.3,0.0,True,False,0.0,0.2,-0.6,0.5,3.3,2370.28,2397.7,2464.14,No Signal,
GLOBAL,Consumer,0.0,0.0,False,False,81.5,0.0,4.1,8.8,30.4,103.34,107.95,129.38,Bullish Continual,81.5
GMDCLTD,Industrial,0.0,0.0,False,False,0.3,0.0,3.2,6.1,18.3,594.13,610.89,680.87,Bullish Continual,0.3
GNA,Industrial,79.6,0.0,True,False,74.7,0.0,1.5,3.5,22.8,381.04,388.31,460.81,Bullish,79.6
GODFRYPHLP,Consumer,82.8,0.0,True,False,0.0,72.4,4.0,4.9,8.3,2071.66,2089.53,2156.71,Reversal,82.8
GODREJAGRO,Consumer,75.7,0.0,True,False,0.0,0.0,-0.3,-0.2,5.6,586.96,587.57,621.41,No Signal,
GODREJCP,Consumer,68.8,0.0,True,False,0.0,85.5,0.0,1.7,6.7,1017.72,1034.79,1085.44,Reversal,68.8
GOKULAGRO,Consumer,0.0,85.0,False,True,0.1,0.0,-1.4,1.0,13.0,178.99,183.41,205.17,Bearish Continual,0.0
GOLDIAM,Consumer,82.6,0.0,True,False,0.0,85.5,0.3,3.7,9.9,296.91,307.12,325.49,Reversal,82.6
GOODLUCK,Industrial,80.0,0.0,True,False,0.0,0.0,1.4,2.7,15.0,1031.06,1045.0,1169.95,Reversal,80.0
GPIL,Industrial,0.0,0.0,False,False,0.0,0.0,3.1,5.3,19.1,270.78,276.63,312.81,Bullish Continual,0.0
GPPL,Industrial,79.6,0.0,True,False,0.0,0.1,0.4,1.3,9.8,152.34,153.7,166.52,Bullish,79.6
GPTHEALTH,Healthcare,80.9,0.0,True,False,0.0,77.3,1.8,3.2,14.6,122.86,124.51,138.26,Bullish,80.9
GPTINFRA,Industrial,76.9,0.0,True,False,0.0,88.1,-0.1,1.7,8.7,103.54,105.36,112.61,No Signal,
GRANULES,Healthcare,0.0,0.0,False,False,0.1,0.0,1.7,3.5,13.5,601.15,611.9,670.92,Bullish Continual,0.1
GRAPHITE,Industrial,77.5,0.0,True,False,76.5,0.0,1.7,4.0,16.2,617.47,631.32,705.4,Reversal,77.5
GRAVITA,Industrial,79.1,0.0,True,False,0.0,85.5,0.1,1.1,3.6,1406.28,1421.23,1456.47,Bullish,79.1
GREENPANEL,Consumer,81.4,0.0,True,False,0.0,88.2,1.6,3.9,15.8,197.11,201.72,224.72,Reversal,81.4
GREENPLY,Consumer,85.2,0.0,True,False,0.0,87.2,1.8,3.8,7.5,196.45,200.19,207.37,Reversal,85.2
GRINDWELL,Industrial,71.8,0.0,True,False,0.0,84.5,-0.1,1.2,6.3,1401.2,1419.55,1490.14,Bearish,0.0
GRWRHITECH,Industrial,75.9,0.0,True,False,69.0,0.0,1.3,3.9,20.9,3699.69,3792.62,4412.59,Bullish,75.9
GSPL,Industrial,74.8,0.0,True,False,0.0,86.9,-0.4,1.6,4.9,253.8,258.7,267.12,Bearish,0.0
GUJGASLTD,Industrial,74.5,0.0,True,False,0.0,86.7,-0.8,1.8,6.5,351.88,361.08,377.54,No Signal,
GULFOILLUB,Industrial,81.2,0.0,True,False,0.0,83.9,0.6,2.2,3.5,924.73,939.74,951.27,Reversal,81.2
GVT&D,Industrial,0.0,0.0,False,False,80.6,0.0,3.6,5.3,18.3,3810.61,3875.67,4353.82,Bullish,0.0
HAL,Industrial,73.3,0.0,True,False,0.0,84.1,-0.6,-0.2,3.3,3758.75,3775.74,3908.06,Bearish,0.0
HAPPSTMNDS,IT,0.0,81.9,False,True,0.0,72.7,-0.7,-4.8,2.9,407.97,391.22,422.9,Bearish Continual,72.7
HAPPYFORGE,Industrial,0.0,0.0,False,False,78.9,0.0,2.7,4.1,13.1,1298.96,1317.16,1431.59,Bullish Continual,78.9
HARIOMPIPE,Industrial,78.9,0.0,True,False,0.0,87.2,0.7,2.1,3.5,307.81,311.84,316.17,Bullish,78.9
HATSUN,Consumer,0.0,67.0,False,True,0.0,0.0,1.5,2.7,9.8,971.23,982.13,1050.42,Bullish Continual,0.0
HAVELLS,Consumer,74.9,0.0,True,False,0.0,87.2,0.5,2.2,6.5,1288.02,1309.59,1364.24,Reversal,74.9
HBLENGINE,Industrial,87.0,0.0,True,False,0.0,84.4,2.9,5.3,17.0,678.42,694.68,771.9,Bullish,87.0
HCLTECH,IT,67.4,0.0,True,False,0.0,71.7,0.4,0.3,1.1,1339.56,1337.93,1348.25,Reversal,67.4
HDFCAMC,Financial,61.2,0.0,True,False,0.0,0.3,2.5,4.1,20.3,2444.41,2484.83,2869.34,Reversal,61.2
HDFCBANK,Financial,68.6,0.0,True,False,0.0,83.9,2.5,4.1,20.3,799.59,812.81,938.59,Reversal,68.6
HDFCLIFE,Financial,65.1,0.0,True,False,0.0,84.8,2.5,4.1,20.3,638.94,649.51,750.02,Reversal,65.1
HERITGFOOD,Consumer,85.6,0.0,True,False,0.0,84.7,3.6,3.5,3.5,320.62,320.19,320.2,Bullish,85.6
HEROMOTOCO,Industrial,0.0,0.0,False,False,0.0,0.0,1.7,3.3,17.1,5363.45,5449.84,6180.04,Bullish,0.0
HESTERBIO,Healthcare,75.1,0.0,True,False,0.0,76.6,0.5,1.6,6.8,1402.11,1417.89,1489.28,Reversal,75.1
HINDALCO,Industrial,0.0,0.0,False,False,0.0,0.0,1.7,3.8,14.6,888.72,907.91,1002.26,Bullish,0.0
HINDCOPPER,Industrial,84.7,0.0,True,False,0.3,0.0,4.5,5.9,21.9,511.7,518.48,596.43,Bullish,84.7
HINDPETRO,Industrial,87.7,0.0,True,False,0.0,82.9,3.3,4.4,5.3,347.44,350.99,354.14,Bullish,87.7
HINDUNILVR,Consumer,63.4,0.0,True,False,0.0,84.8,0.2,1.5,6.7,2087.43,2114.64,2221.73,Reversal,63.4
HINDZINC,Industrial,80.9,0.0,True,False,0.0,0.1,0.8,2.1,9.3,518.9,525.32,562.58,Bullish,80.9
HIRECT,Industrial,0.0,79.5,False,True,0.0,0.0,2.1,4.6,23.9,1519.62,1556.49,1844.94,Bullish Continual,0.0
HLEGLAS,Industrial,90.6,0.0,True,False,0.0,81.8,6.1,6.8,11.0,303.82,305.7,317.72,Bullish,90.6
HMAAGRO,Consumer,80.9,0.0,True,False,0.0,88.4,1.0,3.5,19.9,24.21,24.79,28.73,Reversal,80.9
HNDFDS,Consumer,0.0,0.0,False,False,0.0,88.1,0.8,1.3,5.4,485.93,488.56,508.18,Bullish,0.0
HPL,Industrial,86.5,0.0,True,False,0.0,85.0,1.9,1.9,5.5,288.92,288.87,299.13,Reversal,86.5
HSCL,Chemicals,0.0,0.0,False,False,0.0,85.9,0.8,3.9,9.0,455.04,469.22,491.81,Bullish,0.0
HUDCO,Financial,82.9,0.0,True,False,0.0,84.9,2.5,4.1,20.3,176.71,179.63,207.43,Reversal,82.9
HUHTAMAKI,Industrial,79.7,0.0,True,False,0.0,86.4,0.4,1.3,3.2,163.6,165.08,168.17,Bullish,79.7
HYUNDAI,Industrial,71.3,0.0,True,False,0.0,86.8,0.2,0.4,8.2,1955.14,1959.26,2110.88,Reversal,71.3
ICEMAKE,Industrial,72.4,0.0,True,False,0.0,0.0,-0.1,0.8,7.3,763.14,770.26,819.91,No Signal,
ICICIPRULI,Financial,72.1,0.0,True,False,0.0,88.3,2.5,4.1,20.3,565.64,574.99,663.97,Reversal,72.1
ICIL,Industrial,80.2,0.0,True,False,0.0,86.0,0.4,2.2,9.5,234.48,238.68,255.63,Reversal,80.2
ICRA,Financial,60.4,0.0,True,False,0.0,87.0,2.5,4.1,20.3,5331.1,5419.27,6257.85,Reversal,60.4
IDBI,Financial,84.8,0.0,True,False,0.0,0.3,-4.0,35.4,15.1,70.17,98.93,84.12,No Signal,
IGIL,Industrial,0.0,0.0,False,False,0.0,0.0,1.3,1.8,8.4,342.69,344.41,366.79,Bullish,0.0
IIFLCAPS,Financial,83.0,0.0,True,False,0.0,86.1,2.6,4.6,20.3,276.69,282.14,324.47,Reversal,83.0
IKS,IT,73.5,0.0,True,False,0.0,76.5,1.2,1.1,3.8,1348.67,1347.35,1384.01,Bullish,73.5
IMFA,Industrial,81.8,0.0,True,False,0.0,0.0,2.4,2.4,13.1,1264.71,1264.36,1396.67,Bullish Continual,0.0
INDHOTEL,Consumer,70.5,0.0,True,False,0.0,88.7,-0.1,2.2,7.5,615.06,629.26,661.8,No Signal,
INDIAGLYCO,Consumer,83.1,0.0,True,False,0.0,0.2,1.0,2.4,6.6,884.77,896.9,934.14,Bullish Continual,0.0
INDIAMART,Consumer,75.7,0.0,True,False,0.0,85.3,0.1,0.8,4.1,1995.77,2009.47,2076.12,Reversal,75.7
INDIANB,Financial,74.8,0.0,True,False,69.0,0.0,2.6,4.6,20.3,901.08,918.84,1056.69,Bullish,74.8
INDIASHLTR,Financial,68.1,0.0,True,False,0.0,84.8,2.5,4.1,20.3,702.98,714.6,825.18,Bullish,68.1
INDIGOPNTS,Consumer,86.0,0.0,True,False,0.0,82.4,6.1,5.2,3.3,789.49,782.29,768.42,Bullish,86.0
INDNIPPON,Industrial,74.1,0.0,True,False,0.0,87.7,0.0,1.2,10.7,735.54,744.31,813.97,Reversal,74.1
INDOAMIN,Chemicals,86.5,0.0,True,False,0.0,81.8,4.9,7.5,31.6,92.57,94.9,116.2,Reversal,86.5
INDOBORAX,Chemicals,0.0,0.0,False,False,0.0,0.0,3.4,5.3,25.4,252.54,257.1,306.27,Bullish,0.0
INDOUS,Consumer,81.5,0.0,True,False,0.0,91.6,-1.1,0.6,3.6,103.01,104.82,107.95,No Signal,
INDSWFTLAB,Healthcare,0.0,0.0,False,False,79.6,0.0,4.6,11.7,33.2,148.01,158.01,188.48,Bullish Continual,79.6
INDUSTOWER,Industrial,75.0,0.0,True,False,0.0,0.0,1.2,2.1,11.9,439.62,443.84,486.44,Bullish,75.0
INFOBEAN,IT,88.1,0.0,True,False,0.0,0.3,2.6,6.5,36.3,143.38,148.82,190.39,Bullish,88.1
INFY,IT,76.8,0.0,True,False,0.0,78.0,0.5,-0.2,6.8,1261.57,1253.68,1341.24,Reversal,76.8
INNOVACAP,Healthcare,0.0,0.0,False,False,0.0,88.5,-0.1,0.4,0.1,679.16,682.23,680.1,No Signal,
INNOVANA,IT,79.2,0.0,True,False,0.0,88.1,-2.0,-1.1,4.4,346.16,349.33,368.86,Bearish,0.0
INOXINDIA,Industrial,0.0,0.0,False,False,0.0,0.0,1.6,3.0,12.1,1199.92,1216.07,1323.74,Bullish Continual,0.0
INSECTICID,Chemicals,71.8,0.0,True,False,0.0,87.4,-0.5,2.2,24.8,571.96,587.32,717.56,Bearish,0.0
INTELLECT,IT,87.0,0.0,True,False,0.0,74.3,3.7,7.5,16.4,674.37,699.38,757.33,Reversal,87.0
INTLCONV,Industrial,81.0,0.0,True,False,0.0,86.1,0.8,1.7,3.6,70.31,70.92,72.28,Bullish,81.0
IOB,Financial,75.2,0.0,True,False,0.0,0.2,2.5,4.1,20.3,34.55,35.12,40.55,Bullish,75.2
IOC,Industrial,77.6,0.0,True,False,0.0,0.1,0.3,1.8,9.1,145.07,147.23,157.8,Bullish,77.6
IONEXCHANG,Industrial,76.3,0.0,True,False,0.0,87.6,-0.5,1.2,1.3,336.46,342.11,342.48,Bearish,0.0
IPCALAB,Healthcare,0.0,52.0,False,False,75.9,0.0,2.1,4.2,20.4,1576.96,1609.27,1860.19,Bullish Continual,75.9
IPL,Chemicals,79.3,0.0,True,False,0.0,87.9,0.4,2.6,32.4,137.48,140.62,181.39,Bullish,79.3
IRB,Industrial,0.0,0.0,False,False,0.0,0.1,0.7,0.8,13.1,41.8,41.84,46.94,Bullish,0.0
IRCTC,Consumer,76.0,0.0,True,False,0.0,88.6,-0.2,0.4,4.4,521.9,524.9,546.11,Bearish,0.0
IREDA,Financial,80.3,0.0,True,False,0.0,86.0,2.5,4.1,20.3,119.22,121.2,139.95,Bullish,80.3
ISGEC,Industrial,0.0,77.2,False,True,0.0,0.0,0.7,0.9,11.1,894.74,896.0,987.02,Bullish,0.0
J&KBANK,Financial,0.0,81.0,False,True,78.8,0.0,2.5,4.1,20.3,121.73,123.75,142.9,Bullish Continual,78.8
JAIBALAJI,Industrial,0.0,0.0,False,False,0.0,0.1,3.0,7.6,38.8,66.65,69.62,89.78,Bullish,0.0
JAMNAAUTO,Industrial,81.2,0.0,True,False,0.0,0.0,1.9,4.0,15.6,121.93,124.43,138.33,Reversal,81.2
JBCHEPHARM,Healthcare,0.0,63.5,False,True,79.1,0.0,2.6,4.8,20.3,2194.73,2242.01,2572.29,Bullish Continual,79.1
JGCHEM,Chemicals,72.1,0.0,True,False,0.0,88.4,-0.4,0.8,8.1,330.74,334.63,358.73,No Signal,
JINDALSAW,Industrial,0.0,79.5,False,True,0.0,0.0,1.3,1.7,20.0,196.6,197.46,232.99,Bullish Continual,0.0
JINDRILL,Industrial,0.0,0.0,False,False,0.0,87.2,-2.5,-1.1,14.6,463.31,469.81,544.83,No Signal,
JINDWORLD,Industrial,88.1,0.0,True,False,0.0,88.4,2.6,8.4,41.6,21.88,23.11,30.18,Reversal,88.1
JKCEMENT,Industrial,76.1,0.0,True,False,0.0,87.8,-0.5,0.6,7.6,4976.63,5030.61,5378.42,Bearish,0.0
JKIL,Industrial,79.6,0.0,True,False,0.0,86.1,0.6,2.3,7.1,491.31,499.65,523.19,Bullish,79.6
JKLAKSHMI,Industrial,82.7,0.0,True,False,0.0,85.7,1.9,2.2,5.8,603.86,605.69,626.96,Reversal,82.7
JKPAPER,Industrial,0.0,0.0,False,False,0.0,88.2,-0.2,0.6,7.2,336.24,338.92,361.16,No Signal,
JKTYRE,Industrial,79.5,0.0,True,False,0.0,0.1,1.6,3.2,12.9,423.98,430.45,471.27,Bullish,79.5
JLHL,Healthcare,0.0,0.0,False,False,0.0,85.6,0.1,0.0,5.8,1270.66,1269.31,1341.98,Bullish,0.0
JMA,Industrial,76.9,0.0,True,False,0.0,0.0,1.5,3.1,18.5,81.75,83.07,95.49,Bullish,76.9
JMFINANCIL,Financial,81.0,0.0,True,False,0.0,84.3,2.6,4.6,20.3,126.3,128.79,148.12,Bullish,81.0
JSL,Industrial,0.0,0.0,False,False,0.0,0.1,0.6,2.9,13.7,726.43,743.18,820.88,Reversal,0.0
JSLL,Healthcare,66.8,0.0,True,False,0.0,88.8,-1.7,-3.9,11.2,601.2,587.21,679.71,No Signal,
JSWENERGY,Industrial,0.0,70.7,False,True,0.0,0.0,0.9,1.3,8.1,511.69,513.63,548.13,Bullish Continual,0.0
JSWINFRA,Industrial,0.0,0.0,False,False,0.0,88.2,0.2,1.5,8.3,251.58,254.81,271.95,Bullish,0.0
JTEKTINDIA,Industrial,75.2,0.0,True,False,0.0,88.4,-0.4,1.1,14.5,126.72,128.65,145.79,Bearish,0.0
JUBLCPL,Chemicals,86.3,0.0,True,False,0.0,82.0,2.4,3.4,18.8,1697.34,1713.22,1968.46,Bullish,86.3
JUBLFOOD,Consumer,73.8,0.0,True,False,0.0,88.3,-0.4,0.2,4.2,449.72,452.37,470.37,Bearish,0.0
JUSTDIAL,Consumer,81.5,0.0,True,False,0.0,87.1,2.9,2.5,-0.1,535.37,533.57,520.05,Reversal,81.5
JWL,Industrial,81.0,0.0,True,False,0.0,87.4,1.6,3.3,11.5,266.7,271.2,292.8,Reversal,81.0
JYOTHYLAB,Consumer,81.6,0.0,True,False,0.0,84.3,0.8,2.3,2.2,210.14,213.45,213.22,Bullish,81.6
JYOTICNC,Industrial,76.0,0.0,True,False,0.0,86.1,0.3,1.8,4.1,742.15,753.17,770.55,Reversal,76.0
KAJARIACER,Consumer,0.0,0.0,False,False,0.0,87.4,1.1,2.1,10.1,962.19,971.34,1047.68,Bullish,0.0
KALYANKJIL,Consumer,85.9,0.0,True,False,0.0,88.3,0.9,1.6,8.3,386.09,388.77,414.38,Bullish,85.9
KAMATHOTEL,Consumer,0.0,0.0,False,False,0.0,87.8,1.2,1.3,3.2,184.72,184.93,188.44,Reversal,0.0
KAMDHENU,Industrial,0.0,0.0,False,False,0.0,88.7,0.4,1.8,13.0,21.2,21.51,23.86,Bullish,0.0
KANSAINER,Consumer,83.3,0.0,True,False,0.0,87.9,2.1,3.6,9.0,170.24,172.74,181.8,Bullish,83.3
KCP,Industrial,83.2,0.0,True,False,0.0,85.4,1.0,2.8,7.1,138.9,141.33,147.27,Bullish,83.2
KDDL,Consumer,78.1,0.0,True,False,0.0,89.0,-0.1,1.2,1.6,2193.15,2220.96,2229.49,No Signal,
KEC,Industrial,83.3,0.0,True,False,0.0,84.0,2.6,4.5,6.2,560.3,570.52,579.77,Bullish,83.3
KEI,Industrial,73.7,0.0,True,False,0.0,0.0,1.3,3.1,18.4,4240.72,4318.86,4959.44,Reversal,73.7
KELLTONTEC,IT,79.6,0.0,True,False,0.0,88.5,-1.0,1.1,14.0,15.92,16.27,18.34,Bearish,0.0
KIMS,Healthcare,74.3,0.0,True,False,0.0,0.0,1.4,2.1,18.1,653.94,658.43,761.87,Bullish,74.3
KIRLOSBROS,Industrial,0.0,0.0,False,False,0.0,0.1,-0.6,0.8,7.8,1551.69,1573.23,1683.59,No Signal,
KIRLPNU,Industrial,72.1,0.0,True,False,0.0,0.1,-0.0,0.9,4.5,1050.5,1060.26,1097.84,Reversal,72.1
KKCL,Industrial,78.8,0.0,True,False,0.0,87.1,-0.5,1.1,5.3,424.55,431.39,449.44,No Signal,
KNRCON,Industrial,86.3,0.0,True,False,0.0,88.1,3.2,5.2,9.3,121.8,124.16,129.04,Reversal,86.3
KOTAKBANK,Financial,70.9,0.0,True,False,0.0,80.5,2.5,4.1,20.3,375.74,381.96,441.06,Reversal,70.9
KOTHARIPET,Chemicals,75.0,0.0,True,False,0.0,86.7,1.2,4.0,39.0,112.23,115.37,154.12,Reversal,75.0
KPEL,Industrial,84.4,0.0,True,False,0.0,88.1,1.0,2.9,4.3,282.02,287.22,291.25,Bullish Continual,0.0
KPIL,Industrial,0.0,0.0,False,False,0.0,84.7,1.0,2.3,12.7,1081.65,1095.69,1206.65,Bullish,0.0
KPITTECH,IT,71.3,0.0,True,False,0.0,73.7,6.8,13.0,58.0,705.59,747.11,1044.08,Reversal,71.3
KPRMILL,Industrial,73.2,0.0,True,False,0.0,89.0,-0.8,0.8,6.2,816.63,829.95,874.41,Bearish,0.0
KRBL,Consumer,84.8,0.0,True,False,0.0,86.3,1.1,2.6,7.5,290.57,294.88,308.81,Reversal,84.8
KRITINUT,Consumer,85.1,0.0,True,False,0.0,90.1,1.7,4.8,12.2,64.59,66.59,71.24,Reversal,85.1
KRN,Industrial,0.0,79.8,False,True,75.4,0.0,1.9,3.8,25.3,914.22,930.62,1124.08,Bullish Continual,75.4
KRSNAA,Healthcare,84.2,0.0,True,False,0.0,82.5,1.2,1.8,10.5,594.63,598.06,649.07,Reversal,84.2
KRYSTAL,Industrial,77.4,0.0,True,False,0.0,0.1,0.5,2.0,10.2,555.64,564.19,609.63,Reversal,77.4
KSB,Industrial,0.0,73.0,False,True,0.0,0.0,0.7,1.5,16.9,787.81,794.31,914.89,Bullish Continual,0.0
KSL,Industrial,77.1,0.0,True,False,0.0,87.4,-0.1,1.3,7.0,651.0,660.37,697.5,No Signal,
KSOLVES,IT,74.3,0.0,True,False,0.0,0.2,-1.6,-0.0,3.1,271.07,275.34,284.09,No Signal,
LALPATHLAB,Healthcare,80.1,0.0,True,False,0.0,85.6,1.0,1.7,9.4,1321.0,1329.9,1431.67,Reversal,80.1
LATENTVIEW,IT,81.3,0.0,True,False,0.0,70.0,9.0,10.0,44.8,291.31,294.18,387.25,Reversal,81.3
LAURUSLABS,Healthcare,0.0,0.0,False,False,0.0,0.0,3.1,6.5,15.1,1017.88,1051.21,1136.41,Bullish,0.0
LAXMIDENTL,Healthcare,86.5,0.0,True,False,0.0,86.0,3.4,-3.7,-11.5,179.64,167.26,153.69,Bullish,86.5
LEMONTREE,Consumer,82.8,0.0,True,False,0.0,86.3,4.4,3.5,6.0,110.36,109.34,111.97,Reversal,82.8
LGBBROSLTD,Industrial,80.8,0.0,True,False,0.0,0.0,1.0,2.9,14.4,1727.75,1759.04,1956.34,Bullish,80.8
LICHSGFIN,Financial,78.3,0.0,True,False,0.0,87.2,2.5,4.1,20.3,498.07,506.31,584.66,Reversal,78.3
LICI,Financial,71.3,0.0,True,False,0.0,85.2,2.5,4.1,20.3,795.8,808.96,934.14,Reversal,71.3
LIKHITHA,Industrial,87.0,0.0,True,False,0.0,86.9,4.1,5.7,22.1,147.62,149.86,173.0,Reversal,87.0
LINC,Consumer,0.0,0.0,False,False,0.0,90.0,0.5,1.7,12.4,103.34,104.61,115.61,Bullish,0.0
LINCOLN,Healthcare,0.0,0.0,False,False,80.1,0.0,4.5,7.1,22.2,627.42,643.32,733.74,Bullish Continual,80.1
LINDEINDIA,Chemicals,0.0,0.0,False,False,77.7,0.0,1.9,3.2,12.1,7150.87,7237.53,7865.69,Bullish Continual,77.7
LLOYDSME,Industrial,0.0,77.4,False,True,0.0,85.6,1.2,2.2,4.8,1260.6,1272.62,1305.28,Bullish,0.0
LODHA,Industrial,85.1,0.0,True,False,0.0,84.9,2.4,4.4,6.7,816.39,831.97,850.52,Reversal,85.1
LTF,Financial,72.0,0.0,True,False,0.0,0.0,2.6,4.6,20.3,267.87,273.15,314.13,Reversal,72.0
LTFOODS,Consumer,72.6,0.0,True,False,0.0,86.2,-0.7,1.8,11.5,375.69,385.11,421.84,Bearish,0.0
LTTS,IT,75.1,0.0,True,False,0.0,76.8,3.1,3.7,-1.0,3329.01,3348.53,3196.51,Bullish,75.1
LUMAXIND,Industrial,70.6,0.0,True,False,0.0,0.0,2.1,3.3,14.0,5162.69,5224.29,5763.5,Bullish,70.6
LUMAXTECH,Industrial,83.3,0.0,True,False,0.0,0.0,2.8,5.5,16.5,1612.32,1654.29,1826.17,Bullish Continual,0.0
LUPIN,Healthcare,0.0,0.1,False,False,76.8,0.0,2.1,3.3,12.7,2370.47,2398.76,2617.38,Bullish Continual,76.8
LUXIND,Industrial,0.0,0.0,False,False,0.0,87.4,0.7,0.9,4.8,948.02,949.65,985.9,Reversal,0.0
M&MFIN,Financial,81.8,0.0,True,False,0.0,0.2,2.5,4.1,20.3,315.91,321.14,370.83,Bullish,81.8
MAHSEAMLES,Industrial,0.0,67.0,False,True,0.0,0.0,1.2,1.0,9.3,571.47,570.44,617.44,Bullish Continual,0.0
MAITHANALL,Industrial,75.4,0.0,True,False,0.0,0.1,-0.4,1.3,4.6,931.16,947.3,978.57,No Signal,
MALLCOM,Industrial,73.9,0.0,True,False,0.0,87.0,-0.5,1.1,1.3,1027.86,1044.73,1046.48,Bearish,0.0
MAMATA,Industrial,74.5,0.0,True,False,0.0,87.3,-0.5,0.6,5.8,372.11,376.07,395.53,Bearish,0.0
MANAPPURAM,Financial,78.9,0.0,True,False,0.0,0.2,2.5,4.1,20.3,265.61,270.0,311.78,Reversal,78.9
MANINFRA,Industrial,87.1,0.0,True,False,0.0,83.9,3.1,5.5,1.7,93.91,96.14,92.62,Reversal,87.1
MANKIND,Healthcare,0.0,0.0,False,False,0.0,76.6,1.0,1.8,10.8,2019.76,2035.65,2216.3,Bullish,0.0
MANYAVAR,Consumer,79.2,0.0,True,False,0.0,84.1,5.6,7.7,16.5,374.96,382.6,413.85,Reversal,79.2
MAPMYINDIA,IT,82.5,0.0,True,False,0.0,74.9,6.9,12.6,33.8,979.09,1030.78,1225.02,Bullish,82.5
MARICO,Consumer,0.0,0.0,False,False,0.1,0.0,1.1,2.5,9.6,752.51,763.14,815.58,Bullish,0.0
MARINE,Industrial,79.2,0.0,True,False,0.0,86.9,-0.1,0.9,2.1,170.6,172.35,174.39,No Signal,
MARKSANS,Healthcare,0.0,0.0,False,False,0.0,88.2,1.2,2.3,16.9,172.03,173.99,198.83,Bullish,0.0
MARUTI,Industrial,75.7,0.0,True,False,0.0,84.7,0.8,2.3,6.1,12706.15,12890.17,13375.85,Bullish,75.7
MASFIN,Financial,74.3,0.0,True,False,0.0,0.2,2.5,4.1,20.3,309.97,315.1,363.85,Reversal,74.3
MASTEK,IT,80.8,0.0,True,False,0.0,78.2,3.3,4.9,9.7,1497.18,1520.39,1589.88,Reversal,80.8
MASTERTR,Financial,91.3,0.0,True,False,0.0,81.0,6.6,9.8,35.4,73.32,75.54,93.14,Reversal,91.3
MATRIMONY,Consumer,83.2,0.0,True,False,0.0,88.3,1.2,4.5,3.0,428.54,442.49,436.3,Bullish,83.2
MAXHEALTH,Healthcare,73.0,0.0,True,False,0.0,82.4,0.7,1.3,9.5,971.1,977.37,1056.47,Bullish,73.0
MAYURUNIQ,Consumer,75.5,0.0,True,False,0.0,0.1,0.3,1.1,6.8,510.67,515.06,543.97,Bullish,75.5
MAZDOCK,Industrial,0.0,0.0,False,False,0.0,86.1,0.7,1.2,4.2,2341.5,2351.63,2420.91,Bullish,0.0
MCLOUD,IT,88.1,0.0,True,False,0.0,85.2,15.4,30.6,245.0,25.1,28.41,75.04,Reversal,88.1
MEDANTA,Healthcare,78.3,0.0,True,False,0.0,82.1,1.4,2.1,8.5,1020.24,1026.77,1090.88,Bullish,78.3
MEDIASSIST,Financial,89.7,0.0,True,False,0.0,83.6,2.8,4.1,20.3,334.14,338.63,391.03,Reversal,89.7
MEDPLUS,Consumer,0.0,0.0,False,False,0.1,0.0,0.9,2.8,11.9,827.64,843.5,918.36,Bullish,0.0
MENONBE,Industrial,0.0,0.0,False,False,59.5,0.0,1.6,3.9,18.3,120.02,122.77,139.67,Bullish,0.0
METROBRAND,Consumer,77.4,0.0,True,False,0.0,88.6,-0.5,0.1,3.5,926.42,931.84,963.5,Bearish,0.0
METROPOLIS,Healthcare,82.9,0.0,True,False,0.0,86.8,1.6,2.4,14.4,448.16,451.69,504.82,Reversal,82.9
MFSL,Financial,64.9,0.0,True,False,0.0,0.0,2.6,4.6,20.3,1681.15,1714.28,1971.46,Reversal,64.9
MGL,Industrial,76.5,0.0,True,False,0.0,86.1,-0.2,1.9,5.3,965.07,985.58,1018.56,Bearish,0.0
MIDHANI,Industrial,79.6,0.0,True,False,0.0,0.1,0.8,2.5,13.1,317.97,323.09,356.69,Bullish,79.6
MINDACORP,Industrial,73.4,0.0,True,False,0.0,83.5,-0.1,1.4,3.1,502.07,509.36,517.89,No Signal,
MINDTECK,IT,81.7,0.0,True,False,0.0,87.7,-0.9,-0.7,-5.3,168.41,168.87,160.99,No Signal,
MMFL,Industrial,83.0,0.0,True,False,76.1,0.0,2.2,4.6,18.2,437.86,447.83,506.05,Reversal,83.0
MMP,Industrial,77.3,0.0,True,False,0.0,86.3,-0.0,1.8,8.1,217.57,221.48,235.4,Bullish,77.3
MODISONLTD,Industrial,79.9,0.0,True,False,0.0,86.6,1.6,3.1,12.2,127.94,129.85,141.34,Reversal,79.9
MOIL,Industrial,0.0,0.0,False,False,0.0,87.0,0.4,2.1,7.6,292.82,297.86,313.67,Bullish Continual,0.0
MOLDTKPAC,Industrial,76.9,0.0,True,False,0.0,87.4,-0.1,1.2,7.1,511.72,518.41,548.41,Bearish,0.0
MONARCH,Financial,80.5,0.0,True,False,0.0,83.4,2.5,4.1,20.3,274.57,279.11,322.3,Bullish Continual,0.0
MOREPENLAB,Healthcare,0.1,0.0,False,False,0.0,71.7,2.8,4.9,30.7,38.01,38.8,48.35,Reversal,0.1
MOTILALOFS,Financial,84.1,0.0,True,False,0.0,87.9,2.5,4.1,20.3,678.85,690.08,796.86,Reversal,84.1
MPSLTD,Consumer,85.7,0.0,True,False,0.0,89.4,1.3,2.9,-3.4,1525.75,1549.84,1455.37,Bullish Continual,0.0
MRF,Industrial,74.4,0.0,True,False,0.0,83.5,-0.1,0.9,6.8,127345.43,128661.89,136149.94,No Signal,
MSTCLTD,Industrial,75.8,0.0,True,False,0.0,86.6,-0.1,1.0,4.3,415.03,419.99,433.47,Bearish,0.0
MTARTECH,Industrial,0.0,0.0,False,False,78.5,0.0,4.2,4.8,23.3,3672.82,3696.16,4347.32,Bullish Continual,78.5
MUFTI,Consumer,84.1,0.0,True,False,0.0,90.0,1.1,3.7,6.0,75.43,77.35,79.11,Reversal,84.1
MUTHOOTFIN,Financial,0.0,0.0,False,False,0.0,0.0,2.6,4.6,20.3,3400.56,3467.57,3987.78,Bullish Continual,0.0
NAM-INDIA,Financial,77.1,0.0,True,False,0.0,0.0,2.6,4.6,20.3,860.32,877.27,1008.88,Bullish,77.1
NATCOPHARM,Healthcare,0.0,68.5,False,True,0.1,0.0,2.7,4.0,14.5,984.75,997.19,1098.64,Bullish Continual,0.1
NATIONALUM,Industrial,0.0,76.7,False,True,80.7,0.0,4.7,7.0,22.0,385.71,394.24,449.75,Bullish,0.0
NAVA,Industrial,0.0,0.0,False,False,0.0,0.0,0.8,2.7,12.2,557.74,568.49,620.8,Bullish,0.0
NAVINFLUOR,Chemicals,0.1,0.0,False,False,0.1,0.0,1.9,3.5,15.4,6240.87,6338.46,7067.65,Bullish,0.1
NBCC,Industrial,86.3,0.0,True,False,0.0,83.4,3.3,4.3,5.6,86.71,87.52,88.63,Reversal,86.3
NCC,Industrial,74.6,0.0,True,False,0.0,88.4,-0.2,1.5,6.8,140.25,142.75,150.14,No Signal,
NDRAUTO,Industrial,79.1,0.0,True,False,0.0,87.6,-0.2,1.2,5.2,680.51,689.79,716.91,No Signal,
NESCO,Industrial,74.7,0.0,True,False,0.0,87.2,-0.2,0.5,6.1,1053.26,1060.68,1119.37,No Signal,
NESTLEIND,Consumer,61.4,0.0,True,False,0.0,0.0,0.5,1.8,5.7,1199.93,1215.26,1262.14,Reversal,61.4
NEULANDLAB,Healthcare,76.5,0.0,True,False,0.0,84.7,1.1,1.2,9.3,12129.36,12142.93,13113.75,Reversal,76.5
NEWGEN,IT,61.2,0.0,True,False,0.0,80.3,10.5,14.3,68.1,487.01,503.64,740.79,Reversal,61.2
NH,Healthcare,74.0,0.0,True,False,0.0,13.9,0.5,1.3,2.4,1659.84,1673.26,1691.57,Bullish,74.0
NHPC,Industrial,0.0,0.0,False,False,0.0,0.1,0.7,0.9,5.2,77.36,77.52,80.83,Bullish Continual,0.0
NIITMTS,Consumer,79.0,0.0,True,False,0.0,88.6,1.3,3.8,5.5,302.9,310.45,315.33,Reversal,79.0
NILAINFRA,Industrial,87.1,0.0,True,False,0.0,83.6,4.4,6.7,16.5,7.39,7.55,8.25,Bullish,87.1
NINSYS,IT,78.8,0.0,True,False,0.0,79.0,1.7,0.7,8.9,295.22,292.19,315.92,Reversal,78.8
NLCINDIA,Industrial,0.0,0.0,False,False,75.3,0.0,1.6,2.8,12.5,270.72,273.74,299.73,Bullish Continual,75.3
NMDC,Industrial,0.0,0.0,False,False,0.0,0.0,1.5,3.7,17.6,81.0,82.7,93.78,Bullish Continual,0.0
NOVAAGRI,Chemicals,91.0,0.0,True,False,0.0,83.7,9.2,13.6,43.0,24.82,25.8,32.48,Bullish,91.0
NRBBEARING,Industrial,77.7,0.0,True,False,0.0,87.3,0.2,1.7,9.0,242.99,246.7,264.41,Reversal,77.7
NTPC,Industrial,0.0,0.0,False,False,73.7,0.0,0.9,2.2,12.3,384.45,389.17,427.68,Bullish Continual,73.7
NUCLEUS,IT,0.0,0.0,False,False,0.0,86.1,-1.5,-0.7,2.5,799.74,806.05,831.76,Bearish Continual,86.1
NUVAMA,Financial,76.8,0.0,True,False,0.0,88.2,2.5,4.1,20.3,1178.92,1198.42,1383.86,Reversal,76.8
OFSS,IT,0.0,0.0,False,False,0.0,80.5,1.8,1.8,10.1,6711.22,6715.06,7261.27,Bullish,0.0
OIL,Industrial,0.0,0.0,False,False,77.8,0.0,2.4,4.4,18.4,486.48,495.85,562.44,Bullish Continual,77.8
ONGC,Industrial,0.0,0.0,False,False,76.6,0.0,1.3,2.7,14.5,268.94,272.65,304.02,Bullish Continual,76.6
ONWARDTEC,IT,81.9,0.0,True,False,0.0,84.8,0.2,3.3,4.5,236.02,243.29,246.09,Reversal,81.9
OPTIEMUS,Industrial,87.4,0.0,True,False,0.0,81.9,4.9,8.8,4.1,352.13,365.13,349.47,Reversal,87.4
ORBTEXP,Industrial,82.2,0.0,True,False,0.0,86.9,0.5,1.9,6.3,148.87,151.09,157.54,Reversal,82.2
ORICONENT,Industrial,0.0,0.0,False,False,81.8,0.0,4.9,8.2,30.9,70.78,73.04,88.36,Bullish Continual,81.8
ORIENTPPR,Industrial,87.5,0.0,True,False,0.0,82.5,4.7,8.0,13.8,16.59,17.12,18.04,Reversal,87.5
PANAMAPET,Industrial,75.4,0.0,True,False,0.0,87.7,-0.1,1.5,7.0,262.61,266.82,281.32,No Signal,
PARACABLES,Industrial,0.0,0.0,False,False,0.0,0.1,1.4,2.1,7.5,35.17,35.43,37.31,Bullish,0.0
PARAGMILK,Consumer,0.0,0.0,False,False,0.0,87.3,5.7,3.6,9.4,209.78,205.68,217.09,Bullish,0.0
PARAS,Industrial,0.0,0.0,False,False,0.0,87.9,0.4,1.4,20.3,628.8,635.51,753.84,Reversal,0.0
PASHUPATI,Industrial,0.0,55.2,False,False,76.9,0.0,2.1,3.5,19.2,1002.39,1016.59,1170.19,Bullish Continual,76.9
PCBL,Chemicals,79.9,0.0,True,False,0.0,88.3,-0.7,3.0,18.1,245.37,254.41,291.64,Bearish,0.0
PDSL,Industrial,86.8,0.0,True,False,0.0,82.1,3.5,4.9,2.3,270.0,273.42,266.81,Reversal,86.8
PENIND,Industrial,88.3,0.0,True,False,0.0,83.0,3.9,5.2,7.4,146.62,148.43,151.62,Bullish,88.3
PERSISTENT,IT,72.8,0.0,True,False,0.0,65.3,1.7,1.4,5.0,4818.31,4805.7,4974.37,Reversal,72.8
PETRONET,Industrial,74.2,0.0,True,False,0.0,0.2,0.9,3.8,6.6,259.15,266.62,273.98,Bullish,74.2
PFC,Financial,0.0,0.0,False,False,73.5,0.0,2.5,4.1,20.3,421.85,428.82,495.18,Bullish Continual,73.5
PFIZER,Healthcare,0.0,0.0,False,False,0.0,89.6,-0.4,1.0,5.8,4750.79,4817.92,5043.03,No Signal,
PFS,Financial,87.0,0.0,True,False,0.0,86.9,2.5,4.1,20.3,27.88,28.34,32.72,Reversal,87.0
PGIL,Industrial,0.0,0.0,False,False,0.0,0.0,1.5,3.6,15.3,1505.09,1536.53,1709.75,Reversal,0.0
PHOENIXLTD,Industrial,73.6,0.0,True,False,0.0,0.1,-0.4,0.9,3.6,1533.32,1552.31,1593.8,Bearish,0.0
PIDILITIND,Chemicals,63.8,0.0,True,False,0.0,83.8,-0.2,2.0,9.2,1346.38,1376.06,1472.77,No Signal,
PIIND,Chemicals,0.0,0.0,False,False,0.0,86.5,-0.8,0.0,7.9,2896.35,2921.38,3151.99,No Signal,
PITTIENG,Industrial,75.1,0.0,True,False,0.0,88.4,-0.6,0.6,7.8,760.55,769.75,824.73,Bearish,0.0
PIXTRANS,Industrial,0.0,0.0,False,False,0.0,0.0,0.1,1.0,9.8,1463.5,1476.46,1604.78,Bullish,0.0
PLATIND,Chemicals,76.8,0.0,True,False,0.0,88.2,0.0,2.9,27.1,202.57,208.36,257.48,Reversal,76.8
PNB,Financial,77.4,0.0,True,False,0.0,0.2,2.5,4.1,20.3,114.29,116.18,134.15,Bullish,77.4
PNBHOUSING,Financial,79.1,0.0,True,False,0.0,85.7,2.5,4.1,20.3,809.99,823.38,950.79,Bullish,79.1
PNCINFRA,Industrial,83.2,0.0,True,False,0.0,82.7,3.0,3.6,12.8,193.4,194.58,211.83,Reversal,83.2
PNGJL,Consumer,0.0,0.0,False,False,0.0,87.3,1.5,1.7,10.1,579.5,580.69,628.73,Bullish,0.0
POKARNA,Consumer,74.8,0.0,True,False,0.0,0.1,0.0,1.9,8.1,826.38,841.65,892.59,Reversal,74.8
POLYCAB,Industrial,74.0,0.0,True,False,0.0,0.1,1.2,2.5,26.8,7234.92,7329.5,9065.4,Reversal,74.0
POLYMED,Healthcare,0.1,0.0,False,False,0.0,87.1,3.2,2.5,5.9,1282.66,1273.89,1315.95,Reversal,0.1
POWERGRID,Industrial,0.0,0.0,False,False,74.0,0.0,1.9,2.9,24.7,304.18,307.36,372.45,Bullish Continual,74.0
POWERMECH,Industrial,77.1,0.0,True,False,0.0,85.8,0.9,1.9,9.1,2008.31,2026.9,2170.69,Reversal,77.1
PRAJIND,Industrial,0.0,0.0,False,False,0.0,87.0,1.9,2.5,21.5,320.94,323.02,382.69,Bullish Continual,0.0
PRAKASH,Industrial,78.1,0.0,True,False,0.0,88.5,-0.1,0.9,5.5,121.03,122.25,127.86,Bearish,0.0
PRECWIRE,Industrial,0.0,0.0,False,False,78.8,0.0,4.1,6.8,23.7,314.71,322.72,373.95,Bullish Continual,78.8
PREMEXPLN,Chemicals,79.1,0.0,True,False,0.0,88.3,0.7,2.3,11.7,440.9,448.2,489.24,Reversal,79.1
PREMIERENE,Industrial,0.0,80.4,False,True,0.0,0.1,0.7,0.3,6.8,869.32,865.99,921.85,Bullish,0.0
PRICOLLTD,Industrial,77.6,0.0,True,False,0.0,0.1,0.4,2.1,13.7,535.65,544.62,606.57,Bullish,77.6
PRUDENT,Financial,73.2,0.0,True,False,0.0,86.6,2.5,4.1,20.3,2297.18,2335.18,2696.52,Reversal,73.2
PUNJABCHEM,Chemicals,0.0,0.0,False,False,0.0,86.7,0.3,1.3,11.3,1023.23,1033.74,1135.37,Bullish,0.0
QPOWER,Industrial,0.0,0.0,False,False,78.8,0.0,3.7,4.7,15.7,865.14,873.45,965.35,Bullish Continual,78.8
RADIANTCMS,Industrial,0.0,0.0,False,False,0.0,82.7,4.4,4.9,6.8,37.28,37.45,38.12,Reversal,0.0
RADICO,Consumer,0.0,0.0,False,False,0.0,85.4,0.4,2.2,23.8,2661.47,2709.67,3280.89,Bullish,0.0
RAILTEL,Industrial,82.3,0.0,True,False,0.0,87.6,0.9,1.8,3.4,275.15,277.64,281.97,Reversal,82.3
RAINBOW,Healthcare,79.4,0.0,True,False,0.0,83.9,1.2,2.2,6.3,1123.85,1134.96,1180.3,Bullish,79.4
RAJRATAN,Industrial,80.0,0.0,True,False,0.0,87.8,1.1,4.8,13.9,377.17,390.76,424.86,Reversal,80.0
RALLIS,Chemicals,75.2,0.0,True,False,0.0,89.6,-0.4,1.0,1.3,237.96,241.17,241.89,No Signal,
RAMKY,Industrial,0.0,0.0,False,False,0.0,88.3,-0.4,-0.3,10.5,460.35,460.71,510.65,No Signal,
RAMRAT,Industrial,0.0,0.0,False,False,0.0,0.0,0.3,1.6,9.4,307.1,311.14,334.82,Bullish,0.0
RANEHOLDIN,Financial,80.2,0.0,True,False,0.0,87.8,2.5,4.1,20.3,1098.29,1116.45,1289.21,Reversal,80.2
RATEGAIN,IT,82.2,0.0,True,False,0.0,79.1,1.9,1.8,7.1,492.13,491.85,517.32,Bullish,82.2
RATNAMANI,Industrial,78.6,0.0,True,False,0.0,0.0,-0.4,0.1,12.6,2294.95,2306.31,2594.06,Bearish,0.0
RAYMOND,Industrial,73.9,0.0,True,False,0.0,90.7,5.4,24.4,64.2,394.44,465.6,614.7,Bullish,73.9
RECLTD,Financial,78.8,0.0,True,False,0.0,0.2,2.5,4.1,20.3,338.19,343.79,396.99,Bullish,78.8
REDTAPE,Consumer,55.2,0.0,False,False,0.0,0.2,0.8,2.1,10.7,119.82,121.4,131.57,Reversal,55.2
REFEX,Chemicals,84.4,0.0,True,False,0.0,84.8,4.2,10.7,27.8,210.81,224.02,258.76,Reversal,84.4
RELIABLE,Financial,80.3,0.0,True,False,0.0,0.2,2.6,4.6,20.3,124.02,126.46,145.43,Bullish,80.3
RELIANCE,Industrial,0.0,0.0,False,False,0.0,85.6,1.3,1.8,11.2,1431.74,1439.41,1572.03,Bullish,0.0
REMSONSIND,Industrial,86.5,0.0,True,False,0.0,83.8,2.1,4.6,3.8,87.84,89.95,89.25,Bullish,86.5
REPCOHOME,Financial,76.2,0.0,True,False,0.0,87.7,2.5,4.1,20.3,360.43,366.39,423.08,Reversal,76.2
RESPONIND,Consumer,87.0,0.0,True,False,0.0,87.3,1.5,3.3,18.6,154.21,156.97,180.31,Reversal,87.0
RITES,Industrial,77.6,0.0,True,False,0.0,88.3,-0.1,0.3,2.7,190.8,191.51,196.14,Bearish,0.0
RKFORGE,Industrial,76.0,0.0,True,False,0.0,0.0,-0.4,0.4,4.5,497.62,501.62,522.37,No Signal,
ROSSARI,Chemicals,82.0,0.0,True,False,0.0,80.5,4.7,7.6,41.2,431.77,443.77,582.23,Bullish,82.0
ROTO,Industrial,77.0,0.0,True,False,0.0,87.0,1.4,2.0,13.5,57.52,57.82,64.33,Bullish,77.0
ROUTE,Industrial,86.3,0.0,True,False,0.0,84.0,5.3,8.4,29.6,492.0,506.71,605.75,Reversal,86.3
RPEL,Industrial,86.7,0.0,True,False,0.0,81.8,5.9,7.8,17.5,690.7,703.15,766.35,Reversal,86.7
RRKABEL,Industrial,0.0,0.0,False,False,0.0,0.0,1.4,3.5,15.4,1404.81,1433.77,1597.62,Bullish,0.0
RSYSTEMS,IT,66.5,0.0,True,False,0.0,69.8,1.1,-0.4,6.0,267.67,263.68,280.67,Bullish,66.5
RVNL,Industrial,81.3,0.0,True,False,0.0,87.7,0.3,1.6,4.4,265.09,268.42,275.88,Reversal,81.3
RVTH,Industrial,83.1,0.0,True,False,0.0,88.4,2.2,5.0,36.0,563.33,578.35,749.46,Bullish,83.1
SAFARI,Consumer,84.3,0.0,True,False,0.0,83.7,2.7,3.8,4.2,1563.43,1579.97,1586.47,Reversal,84.3
SAILIFE,Healthcare,0.0,67.2,False,True,79.1,0.0,12.9,23.3,27.0,1127.7,1231.42,1268.4,Bullish Continual,79.1
SAKSOFT,IT,89.8,0.0,True,False,0.0,76.8,9.0,8.9,15.4,130.48,130.34,138.14,Reversal,89.8
SANATHAN,Industrial,77.4,0.0,True,False,0.0,87.6,0.0,0.4,6.5,374.11,375.6,398.24,Reversal,77.4
SANDHAR,Industrial,0.0,0.0,False,False,0.0,0.1,0.6,2.5,12.5,480.41,489.21,537.26,Reversal,0.0
SANDUMA,Industrial,83.2,0.0,True,False,0.0,0.1,1.6,4.7,19.5,188.22,193.89,221.35,Bullish,83.2
SANGHVIMOV,Industrial,87.2,0.0,True,False,0.0,80.9,5.9,7.2,7.4,255.18,258.36,258.91,Reversal,87.2
SANOFI,Healthcare,38.3,0.0,False,False,0.0,85.2,1.3,2.8,6.4,3425.78,3475.02,3595.81,Reversal,38.3
SANSERA,Industrial,0.0,0.0,False,False,79.0,0.0,4.0,5.6,24.4,2264.72,2298.03,2707.55,Bullish Continual,79.0
SANSTAR,Consumer,78.7,0.0,True,False,0.0,87.5,1.7,5.9,30.7,83.52,86.94,107.29,Reversal,78.7
SARDAEN,Industrial,0.0,0.0,False,False,0.0,0.0,0.4,1.9,15.9,511.3,519.17,590.3,Bullish,0.0
SAREGAMA,Industrial,0.0,0.0,False,False,0.0,0.1,0.7,1.4,11.0,347.82,349.98,383.17,Bullish Continual,0.0
SARLAPOLY,Industrial,0.0,0.0,False,False,0.0,88.2,1.0,1.6,8.0,83.83,84.34,89.67,Bullish,0.0
SATIN,Financial,72.5,0.0,True,False,0.0,0.2,2.5,4.1,20.3,149.12,151.59,175.04,Bullish,72.5
SBCL,Industrial,78.1,0.0,True,False,0.0,88.0,-0.0,1.1,4.9,404.98,409.53,424.83,Reversal,78.1
SBFC,Financial,78.7,0.0,True,False,0.0,86.9,2.5,4.1,20.3,89.52,91.0,105.09,Bullish,78.7
SBIN,Financial,60.3,0.0,True,False,69.7,0.0,2.6,4.6,20.3,1085.32,1106.71,1272.74,Bullish,60.3
SCHAEFFLER,Industrial,0.0,71.8,False,True,72.8,0.0,1.5,3.6,18.4,4237.91,4325.15,4941.94,Bullish Continual,72.8
SERVOTECH,Industrial,83.3,0.0,True,False,0.0,89.3,3.1,5.8,47.9,70.72,72.55,101.45,Reversal,83.3
SHAILY,Industrial,0.0,83.0,False,True,0.0,0.0,2.2,4.8,12.9,2440.89,2504.69,2698.23,Bullish Continual,0.0
SHAKTIPUMP,Industrial,87.5,0.0,True,False,0.0,83.5,4.0,7.0,1.4,518.99,534.12,506.23,Bullish,87.5
SHARDACROP,Chemicals,81.9,0.0,True,False,72.6,0.0,2.0,4.8,20.0,993.73,1021.51,1169.61,Reversal,81.9
SHARDAMOTR,Industrial,78.0,0.0,True,False,0.0,87.9,0.2,1.0,6.5,788.8,795.44,838.98,Reversal,78.0
SHAREINDIA,Financial,88.4,0.0,True,False,0.0,84.5,2.5,4.1,20.3,128.27,130.39,150.57,Reversal,88.4
SHREEPUSHK,Chemicals,83.1,0.0,True,False,0.0,88.3,2.0,2.0,20.5,305.55,305.79,361.11,Reversal,83.1
SHRIPISTON,Industrial,0.0,79.8,False,True,0.0,0.0,2.6,5.2,10.0,3297.5,3378.67,3533.46,Bullish Continual,0.0
SHRIRAMFIN,Financial,77.5,0.0,True,False,0.1,0.0,2.6,4.6,20.3,957.85,976.72,1123.25,Reversal,77.5
SHYAMMETL,Industrial,70.7,0.0,True,False,0.0,0.1,-0.1,0.7,4.7,795.49,801.45,833.46,Bearish,0.0
SIEMENS,Industrial,0.0,0.0,False,False,0.0,0.0,0.4,2.1,10.6,3135.1,3187.05,3451.76,Bullish,0.0
SIGMA,IT,0.1,0.0,False,False,0.0,81.7,3.2,5.5,49.5,41.29,42.2,59.79,Bullish,0.1
SILVERTUC,IT,43.5,0.0,False,False,0.0,57.9,5.0,28.0,230.3,129.18,157.42,406.33,Bullish,43.5
SIRCA,Consumer,83.1,0.0,True,False,0.0,0.1,3.1,5.1,22.5,443.04,451.28,526.1,Bullish,83.1
SIYSIL,Industrial,81.9,0.0,True,False,0.0,87.5,1.8,2.0,0.8,487.46,488.72,483.07,Bullish,81.9
SJS,Industrial,79.8,0.0,True,False,0.0,0.0,1.5,3.0,13.2,1594.6,1618.14,1778.19,Bullish,79.8
SKFINDIA,Industrial,69.4,0.0,True,False,0.0,89.8,0.3,11.8,62.8,1537.07,1713.34,2496.07,Reversal,69.4
SKIPPER,Industrial,79.3,0.0,True,False,0.0,88.2,0.6,1.4,3.4,352.3,354.88,362.09,Bullish,79.3
SKMEGGPROD,Consumer,88.3,0.0,True,False,0.0,0.1,5.8,5.5,6.2,165.06,164.57,165.71,Bullish,88.3
SMCGLOBAL,Financial,79.3,0.0,True,False,0.0,0.3,2.5,4.1,20.3,66.29,67.38,77.81,Reversal,79.3
SMSPHARMA,Healthcare,0.0,78.4,False,True,80.7,0.0,5.5,10.7,40.6,408.22,428.24,543.82,Bullish Continual,80.7
SOLARINDS,Chemicals,0.0,0.0,False,False,0.0,0.0,1.0,3.0,7.9,13112.64,13367.81,14012.88,Bullish,0.0
SONACOMS,Industrial,0.0,0.0,False,False,0.0,0.0,1.3,2.4,8.7,511.67,517.26,549.12,Bullish,0.0
SONATSOFTW,IT,83.6,0.0,True,False,0.0,78.3,3.0,5.5,12.7,244.06,250.02,267.1,Reversal,83.6
SPAL,Industrial,0.0,0.0,False,False,0.0,0.1,1.2,1.1,9.2,723.65,723.07,780.61,Bullish,0.0
SRF,Chemicals,77.4,0.0,True,False,0.0,86.7,0.8,2.2,15.6,2473.89,2509.94,2838.76,Reversal,77.4
SRM,Industrial,81.7,0.0,True,False,0.0,86.6,1.7,2.7,9.3,413.78,417.69,444.42,Bullish Continual,0.0
SSWL,Industrial,77.7,0.0,True,False,0.0,0.1,-0.1,1.0,5.7,183.82,185.82,194.5,Bearish,0.0
STARPAPER,Industrial,78.2,0.0,True,False,0.0,85.6,1.0,1.2,6.3,133.57,133.83,140.56,Reversal,78.2
STERTOOLS,Industrial,91.0,0.0,True,False,0.0,82.6,6.3,9.3,35.6,190.24,195.67,242.66,Bullish,91.0
STYLAMIND,Consumer,0.0,0.0,False,False,0.1,0.0,0.9,1.2,14.7,2226.74,2233.1,2530.33,Reversal,0.0
STYRENIX,Chemicals,0.0,0.0,False,False,0.0,0.2,1.9,3.7,20.7,2006.94,2041.91,2377.4,Bullish Continual,0.0
SUBROS,Industrial,80.9,0.0,True,False,0.0,87.2,1.2,1.7,8.4,683.03,686.44,731.51,Reversal,80.9
SUMICHEM,Chemicals,75.0,0.0,True,False,0.0,87.6,0.4,1.6,24.2,388.43,393.02,480.5,Bullish,75.0
SUNDARMFIN,Financial,72.8,0.0,True,False,0.0,0.1,3.2,5.3,6.8,4850.43,4947.77,5017.34,Bullish,72.8
SUNDRMFAST,Industrial,71.0,0.0,True,False,0.0,85.7,-0.5,0.7,5.3,810.7,821.02,858.57,Bearish,0.0
SUNPHARMA,Healthcare,0.0,0.0,False,False,0.1,0.0,1.8,3.1,18.5,1801.76,1825.95,2097.36,Bullish Continual,0.1
SUNTV,Industrial,0.0,0.0,False,False,73.3,0.0,0.7,2.5,12.4,598.24,608.71,667.79,Bullish Continual,73.3
SUPRAJIT,Industrial,0.0,0.0,False,False,0.0,86.3,0.1,0.7,10.0,403.16,405.32,442.68,Reversal,0.0
SUPREMEIND,Industrial,0.0,0.0,False,False,0.0,0.0,0.6,1.6,9.4,3848.69,3884.54,4184.56,Bullish,0.0
SURAKSHA,Healthcare,80.6,0.0,True,False,0.0,84.6,1.6,2.5,12.8,261.19,263.39,289.85,Reversal,80.6
SURYAROSNI,Industrial,83.7,0.0,True,False,0.0,85.8,1.3,2.2,3.1,211.79,213.57,215.48,Reversal,83.7
SYMPHONY,Consumer,79.8,0.0,True,False,0.0,87.6,1.0,2.0,5.9,781.22,788.61,819.15,Bullish,79.8
SYNCOMF,Healthcare,84.8,0.0,True,False,0.0,84.9,2.5,5.4,18.4,12.14,12.48,14.02,Reversal,84.8
SYNGENE,Healthcare,81.7,0.0,True,False,0.0,86.4,4.6,5.1,-3.1,433.99,436.1,402.25,Bullish,81.7
TAJGVK,Consumer,85.2,0.0,True,False,0.0,86.6,1.1,4.2,6.4,305.21,314.66,321.25,Reversal,85.2
TALBROAUTO,Industrial,79.6,0.0,True,False,0.0,88.0,-0.1,1.1,5.0,236.74,239.5,248.97,Bearish,0.0
TANLA,IT,80.4,0.0,True,False,0.0,87.0,1.3,1.8,17.7,431.71,433.68,501.43,Bullish,80.4
TARIL,Industrial,83.1,0.0,True,False,0.0,0.1,0.5,1.3,27.3,287.33,289.85,364.12,Bullish,83.1
TATACONSUM,Consumer,68.2,0.0,True,False,0.0,0.2,0.4,1.9,8.4,1053.39,1068.75,1137.3,Reversal,68.2
TATAELXSI,IT,72.0,0.0,True,False,0.0,80.6,0.2,1.2,9.7,4243.83,4286.54,4646.85,Reversal,72.0
TATAPOWER,Industrial,0.0,61.2,False,True,0.1,0.0,1.5,2.8,12.5,408.52,413.86,453.06,Bullish Continual,0.1
TATATECH,IT,67.8,0.0,True,False,0.0,84.7,-0.2,1.7,13.6,538.55,548.51,613.01,No Signal,
TBOTEK,Consumer,87.0,0.0,True,False,0.0,80.4,6.2,4.4,8.2,1132.86,1114.28,1154.74,Reversal,87.0
TCI,Industrial,71.3,0.0,True,False,0.0,85.5,-0.2,0.5,3.2,950.95,958.01,983.91,Bearish,0.0
TCIEXP,Industrial,75.5,0.0,True,False,0.0,88.2,-0.1,0.9,3.8,496.24,501.09,515.26,No Signal,
TCPLPACK,Industrial,79.0,0.0,True,False,0.0,89.8,-0.7,2.2,2.5,2298.46,2366.24,2373.48,Bearish,0.0
TCS,IT,47.0,0.0,False,False,0.0,76.3,0.4,1.2,8.6,2407.16,2425.18,2604.33,Reversal,47.0
TEAMLEASE,Industrial,85.9,0.0,True,False,0.0,84.2,2.9,5.4,11.2,1234.8,1264.7,1334.8,Bullish Continual,0.0
TECHM,IT,63.0,0.0,True,False,0.0,75.2,-0.2,-1.0,-3.2,1383.71,1372.57,1341.46,Bearish Continual,75.2
TECHNOE,Industrial,0.0,0.0,False,False,0.0,0.0,-0.2,1.9,13.0,1089.8,1112.78,1234.13,No Signal,
THEJO,Industrial,76.6,0.0,True,False,0.0,0.1,-0.4,0.8,2.7,1544.76,1563.14,1592.9,No Signal,
THERMAX,Industrial,0.0,74.8,False,True,0.1,0.0,1.1,0.9,10.0,3255.61,3248.65,3543.36,Bullish Continual,0.1
THOMASCOOK,Consumer,59.7,0.1,False,False,0.0,86.9,2.8,4.1,3.3,106.86,108.28,107.4,Bullish Continual,0.0
TIIL,Industrial,78.3,0.0,True,False,0.0,0.1,0.8,1.2,7.0,2206.69,2216.06,2344.33,Bullish Continual,0.0
TIINDIA,Industrial,0.0,0.0,False,False,0.0,0.0,0.3,0.8,5.1,2560.95,2572.09,2682.66,Bullish,0.0
TIMETECHNO,Industrial,78.0,0.0,True,False,0.0,88.1,-0.2,0.5,3.1,161.45,162.62,166.75,Bearish,0.0
TITAN,Consumer,0.0,0.0,False,False,0.0,0.0,0.6,1.2,12.5,4144.13,4168.19,4633.51,Bullish,0.0
TORNTPHARM,Healthcare,0.0,0.0,False,False,74.5,0.0,1.7,2.9,11.5,4346.55,4398.25,4763.12,Bullish,0.0
TORNTPOWER,Industrial,0.0,0.0,False,False,71.2,0.0,1.2,2.1,11.9,1468.27,1482.42,1624.22,Bullish,0.0
TPLPLASTEH,Industrial,78.6,0.0,True,False,0.0,88.6,-0.5,0.8,5.8,59.72,60.47,63.51,Bearish,0.0
TRANSRAILL,Industrial,78.2,0.0,True,False,0.0,88.7,0.2,0.6,8.6,503.4,505.45,545.91,Reversal,78.2
TRENT,Consumer,61.5,0.0,True,False,0.0,81.2,-0.5,0.1,2.4,3553.37,3575.71,3658.11,Bearish,0.0
TRIDENT,Industrial,82.6,0.0,True,False,0.0,86.3,1.2,1.6,11.7,24.33,24.43,26.86,Bullish Continual,0.0
TRITURBINE,Industrial,74.2,0.0,True,False,0.0,89.0,-0.7,-0.4,4.1,450.79,452.08,472.71,Bearish,0.0
TVSELECT,IT,0.0,0.1,False,False,0.0,88.8,-3.0,0.1,7.4,392.95,405.61,435.19,Bearish Continual,88.8
TVSHLTD,Financial,0.0,0.0,False,False,0.0,0.0,2.6,3.9,11.6,14152.33,14338.89,15404.0,Bullish,0.0
UBL,Consumer,0.0,0.0,False,False,0.0,0.0,0.1,0.6,7.8,1576.98,1584.46,1698.61,Bullish,0.0
UCOBANK,Financial,76.9,0.0,True,False,0.0,87.4,2.5,4.1,20.3,25.58,26.01,30.03,Reversal,76.9
UDS,Industrial,85.7,0.0,True,False,0.0,89.7,0.8,1.3,37.3,138.13,138.8,188.13,Bullish,85.7
ULTRACEMCO,Industrial,69.1,0.0,True,False,0.0,0.1,0.0,1.8,8.2,10923.78,11122.47,11811.43,Bullish,69.1
UNIECOM,IT,71.8,0.0,True,False,0.0,84.8,0.2,0.5,10.6,90.8,91.11,100.23,Reversal,71.8
UNIMECH,Industrial,78.3,0.0,True,False,0.0,86.7,-0.2,0.5,3.2,795.01,800.6,822.71,No Signal,
UNIONBANK,Financial,77.0,0.0,True,False,75.7,0.0,2.6,4.6,20.3,181.9,185.48,213.31,Reversal,77.0
UNIPARTS,Industrial,0.0,0.0,False,False,0.0,0.0,2.9,5.4,20.1,470.66,482.16,549.35,Reversal,0.0
UNITDSPR,Consumer,68.9,0.0,True,False,0.0,83.7,0.8,2.4,12.2,1309.87,1330.94,1458.37,Reversal,68.9
UNITEDPOLY,Industrial,0.0,82.1,False,True,0.0,0.1,4.7,7.5,39.2,29.21,29.99,38.85,Bullish Continual,0.0
UNITEDTEA,Consumer,0.0,0.0,False,False,74.9,0.0,2.4,4.5,45.9,522.18,533.14,743.87,Bullish Continual,74.9
UNOMINDA,Industrial,76.7,0.0,True,False,0.0,85.0,0.2,2.4,11.3,1059.6,1083.5,1177.79,Bullish,76.7
USHAMART,Industrial,0.0,0.0,False,False,0.0,0.1,1.1,2.9,14.1,408.39,415.77,461.1,Bullish,0.0
UTTAMSUGAR,Consumer,0.0,84.9,False,True,0.0,87.8,0.2,2.0,9.6,230.47,234.57,252.18,Bullish,0.0
VADILALIND,Consumer,77.0,0.0,True,False,0.0,85.3,-0.1,1.3,119.2,4523.41,4589.89,9930.47,Bearish,0.0
VAIBHAVGBL,Consumer,81.1,0.0,True,False,0.0,84.9,-0.2,0.0,86.2,205.55,206.02,383.51,Bearish,0.0
VASCONEQ,Industrial,88.1,0.0,True,False,0.0,86.2,3.7,4.3,14.2,32.95,33.17,36.3,Reversal,88.1
VBL,Consumer,72.2,0.0,True,False,0.0,86.8,-0.4,0.1,99.8,400.21,402.24,802.87,No Signal,
VEDL,Industrial,0.0,0.0,False,False,80.1,0.0,3.0,4.4,15.7,687.58,696.34,772.05,Bullish,0.0
VEEDOL,Industrial,59.3,0.0,False,False,0.0,86.1,0.8,0.7,5.3,1348.58,1346.87,1408.63,Bullish,59.3
VERTOZ,Industrial,91.4,0.0,True,False,0.0,83.7,10.3,15.6,142.3,41.91,43.94,92.08,Reversal,91.4
VGUARD,Consumer,0.0,0.0,False,False,0.0,0.2,0.8,1.9,135.6,327.49,331.02,765.65,Bullish Continual,0.0
VIDHIING,Chemicals,82.9,0.0,True,False,0.0,82.3,0.8,2.9,14.3,277.22,282.96,314.44,Reversal,82.9
VIJAYA,Healthcare,81.1,0.0,True,False,0.0,83.5,1.6,2.8,10.4,906.1,916.52,984.26,Bullish,81.1
VIMTALABS,Healthcare,81.6,0.0,True,False,0.0,87.2,2.8,2.7,2.4,440.4,439.94,438.71,Bullish,81.6
VINATIORGA,Chemicals,70.6,0.0,True,False,0.0,80.8,0.2,0.9,5.3,1396.55,1406.78,1467.54,Bullish,70.6
VISHNU,Chemicals,0.0,0.0,False,False,0.0,0.0,2.9,4.3,12.4,528.12,535.14,576.74,Bullish Continual,0.0
VOLTAS,Consumer,77.4,0.0,True,False,0.0,0.0,1.5,2.3,124.2,1343.61,1354.27,2968.1,Bullish,77.4
VRAJ,Industrial,77.7,0.0,True,False,0.0,88.3,-0.4,0.5,4.6,108.76,109.77,114.26,Bearish,0.0
VSTIND,Consumer,72.6,0.0,True,False,0.0,84.7,-0.7,-1.0,101.2,213.04,212.31,431.49,Bearish,0.0
VSTTILLERS,Industrial,76.8,0.0,True,False,0.0,0.1,1.5,2.3,14.3,5275.78,5318.94,5942.96,Reversal,76.8
VTL,Industrial,0.0,0.0,False,False,77.9,0.0,2.3,4.0,21.7,549.18,558.57,653.17,Bullish Continual,77.9
WAAREEENER,Industrial,0.0,80.8,False,True,0.0,0.0,2.2,3.9,14.3,3213.43,3266.89,3595.89,Bullish Continual,0.0
WEALTH,Financial,66.5,0.0,True,False,0.0,85.9,2.5,4.1,20.3,915.72,930.86,1074.91,Bullish,66.5
WEL,Consumer,0.0,0.0,False,False,0.0,0.1,0.5,2.9,118.0,136.72,139.99,296.52,Reversal,0.0
WELCORP,Industrial,0.0,0.0,False,False,0.0,0.0,0.5,0.2,7.4,803.8,801.25,859.43,Bullish,0.0
WELSPUNLIV,Industrial,79.3,0.0,True,False,0.0,86.9,0.0,1.1,4.5,114.45,115.65,119.61,Reversal,79.3
WHEELS,Industrial,0.0,75.9,False,True,79.4,0.0,2.9,4.9,19.9,1060.8,1081.74,1236.59,Bullish Continual,79.4
WINDLAS,Healthcare,78.7,0.0,True,False,0.0,85.3,1.7,2.8,15.4,747.6,755.68,848.52,Reversal,78.7
WIPRO,IT,69.1,0.0,True,False,0.0,75.5,1.1,1.3,18.6,192.97,193.4,226.35,Reversal,69.1
WSTCSTPAPR,Industrial,0.0,0.0,False,False,0.0,0.1,1.0,1.3,8.2,437.73,439.13,468.9,Bullish,0.0
XCHANGING,IT,77.9,0.0,True,False,0.0,81.3,1.1,-0.5,19.5,57.77,56.87,68.32,Reversal,77.9
ZENSARTECH,IT,0.0,0.0,False,False,0.0,85.3,0.2,0.1,17.4,565.88,565.33,663.11,Bullish,0.0
ZFCVINDIA,Industrial,68.2,0.0,True,False,0.0,0.1,0.4,1.2,5.8,13839.17,13941.0,14572.77,Reversal,68.2
ZYDUSLIFE,Healthcare,0.0,0.0,False,False,0.0,0.1,1.5,2.2,15.6,903.63,909.93,1028.85,Bullish,0.0
KIRLFER,Industrial,78.7,0.0,True,False,0.0,87.7,0.1,2.5,3.9,360.11,368.89,374.09,Reversal,78.7
GRAUWEIL,Chemicals,79.8,0.0,True,False,0.0,86.5,1.8,5.0,26.8,58.23,60.07,72.49,Reversal,79.8
KENNAMET,Industrial,0.0,74.8,False,True,0.0,0.0,0.5,2.7,10.6,2231.65,2279.21,2455.27,Bullish,0.0
KOVAI,Healthcare,0.0,0.0,False,False,0.0,87.2,-0.1,0.2,6.5,5291.71,5307.5,5642.99,No Signal,
WIMPLAST,Consumer,48.6,0.0,False,False,0.0,82.1,0.5,2.2,77.1,357.11,363.04,629.17,Reversal,48.6
SHAWGELTIN,Chemicals,61.3,0.0,True,False,0.0,0.0,1.3,3.4,16.1,354.62,361.85,406.14,Reversal,61.3
FAZE3Q,Industrial,79.8,0.0,True,False,0.0,86.5,-0.1,1.9,5.6,417.18,425.45,441.0,Bearish,0.0
IZMO,IT,86.0,0.0,True,False,0.0,0.2,2.2,8.5,38.3,716.71,760.57,969.37,Bullish,86.0
RNBDENIMS,Industrial,86.7,0.0,True,False,0.0,0.2,-6.5,-0.2,26.2,78.25,83.46,105.58,Bearish,0.0
ZEAL,Industrial,86.2,0.0,True,False,76.1,0.0,2.9,7.2,29.6,12.86,13.4,16.2,Bullish,86.2
IGL,Industrial,76.9,0.0,True,False,0.0,86.2,-0.0,1.1,5.3,155.98,157.71,164.3,Reversal,76.9
DISAQ,Industrial,0.0,0.0,False,False,0.0,86.9,-0.6,0.8,3.6,11448.23,11600.55,11930.63,Bearish,0.0
MAFATIND,Industrial,83.1,0.0,True,False,0.0,86.4,0.9,2.7,3.4,121.96,124.22,125.02,Reversal,83.1
FORBESCO,Consumer,81.3,0.0,True,False,0.0,0.2,1.0,1.8,5.0,331.24,333.76,344.51,Reversal,81.3
KAYCEEI,Industrial,81.4,0.0,True,False,0.0,88.6,1.0,2.2,18.1,820.22,829.94,958.96,Bullish,81.4
PERMAGN,Industrial,83.0,0.0,True,False,0.0,85.4,0.9,2.5,1.5,681.82,692.65,685.36,Reversal,83.0
INTEGRAEN,Industrial,84.6,0.0,True,False,0.0,86.1,1.6,4.0,7.2,137.45,140.65,145.04,Bullish,84.6
JOSTS,Industrial,85.9,0.0,True,False,0.0,87.7,2.4,3.8,11.5,226.05,229.22,246.19,Reversal,85.9
WPIL,Industrial,0.0,0.0,False,False,0.0,88.9,-0.4,0.2,-1.7,382.44,384.94,377.57,No Signal,
APIS,Consumer,83.6,0.0,True,False,0.0,0.0,4.4,18.1,35.3,60.31,68.25,78.16,Bullish,83.6
NITTAGELA,Chemicals,0.0,0.0,False,False,0.0,0.1,1.2,3.2,11.0,819.45,835.75,898.93,Bullish,0.0
BAJAJST,Industrial,82.4,0.0,True,False,0.0,87.3,0.9,0.8,4.5,383.29,383.22,397.27,Bullish,82.4
PRADPME,Industrial,0.0,81.4,False,True,78.9,0.0,3.2,4.5,28.6,384.04,388.92,478.45,Bullish Continual,78.9
PATELSAI,Industrial,0.0,0.0,False,False,0.0,88.8,0.7,1.1,11.5,227.5,228.43,251.73,Bullish,0.0
FLUIDOM,Industrial,0.0,0.0,False,False,0.0,88.7,-0.7,-2.2,4.9,577.6,568.66,610.3,No Signal,
TANAA,Industrial,78.6,0.0,True,False,0.0,89.2,-0.4,1.0,9.0,245.44,248.79,268.41,No Signal,
MORGANITE,Industrial,74.8,0.0,True,False,0.0,86.7,-0.1,1.9,2.8,1264.11,1289.23,1299.95,Bearish,0.0
SIKA,Industrial,83.8,0.0,True,False,0.0,0.1,2.0,4.3,26.6,929.5,950.07,1153.49,Bullish,83.8
ALUFLUOR,Chemicals,72.0,0.0,True,False,0.0,0.2,0.4,2.5,11.1,422.64,431.61,467.68,Reversal,72.0
TITANBIO,Chemicals,0.0,73.5,False,True,70.5,0.0,3.2,7.3,71.4,409.15,425.33,679.6,Bullish Continual,70.5
NICCOPAR,Consumer,83.1,0.0,True,False,0.0,88.2,1.3,3.1,12.6,63.83,64.96,70.93,Reversal,83.1
VALIANT,Industrial,84.7,0.0,True,False,79.8,0.0,3.5,6.5,20.6,1074.61,1104.91,1251.26,Bullish Continual,79.8
NILE,Industrial,74.3,0.0,True,False,0.0,0.1,-0.1,1.5,7.2,1499.84,1524.21,1609.47,No Signal,
ARYAMAN,Financial,0.0,0.0,False,False,0.0,89.7,2.5,4.1,20.3,637.2,647.74,747.97,Bullish Continual,0.0
AKCAPIT,Financial,0.0,0.0,False,False,77.8,0.0,2.6,4.6,20.3,1569.17,1600.09,1840.13,Bullish,0.0
ECORECO,Industrial,91.2,0.0,True,False,0.0,82.8,7.9,10.8,28.9,321.29,329.87,383.68,Reversal,91.2
OPTIFIN,Financial,88.9,0.0,True,False,0.0,86.5,2.5,4.1,20.3,13.02,13.24,15.29,Reversal,88.9
MENNPIS,Industrial,78.0,0.0,True,False,0.0,87.2,0.4,2.5,12.9,51.62,52.69,58.05,Reversal,78.0
NWIL,Financial,88.1,0.0,True,False,0.0,0.0,2.6,4.6,20.3,39.7,40.48,46.55,Bullish,88.1
3BBLACKBIO,Healthcare,61.2,0.0,True,False,0.0,81.8,5.3,7.6,29.7,1352.59,1382.53,1666.72,Reversal,61.2
BABA,Industrial,0.0,81.0,False,True,82.3,0.0,6.1,13.0,54.1,15.29,16.28,22.2,Bullish,0.0
KAMAHOLD,Financial,65.0,0.0,True,False,0.0,87.4,2.5,4.1,20.3,2535.03,2576.95,2975.71,Bullish,65.0
BLIL,Financial,0.0,0.0,False,False,0.0,0.2,2.5,4.1,20.3,70.77,71.94,83.08,Bullish,0.0
BENGALASM,Financial,53.1,0.0,False,False,0.0,85.1,2.5,4.1,20.3,6043.55,6143.51,7094.16,Reversal,53.1
DHABRIYA,Industrial,78.7,0.0,True,False,0.0,87.9,1.6,3.0,10.8,339.33,344.09,370.23,Bullish,78.7
EMERALD,Financial,90.6,0.0,True,False,0.0,82.5,6.3,5.6,20.3,57.4,57.01,64.92,Bullish Continual,0.0
MKEXIM,Consumer,0.0,78.3,False,True,0.0,0.0,1.9,5.3,23.5,54.95,56.75,66.56,Bullish,0.0
MADHAVIPL,Industrial,86.9,0.0,True,False,0.0,87.3,4.2,6.2,24.0,8.24,8.4,9.81,Bullish,86.9
TAALTECH,Industrial,0.0,0.0,False,False,0.0,0.1,1.1,1.0,7.9,2795.88,2795.43,2985.41,Bullish,0.0
KPL,Healthcare,0.0,0.1,False,False,79.8,0.0,4.0,2.1,32.7,1580.32,1551.16,2017.19,Bullish Continual,79.8
RMC,Industrial,0.0,0.0,False,False,0.0,0.1,0.6,8.2,47.5,425.82,458.02,624.48,Bullish Continual,0.0
MEERA,Industrial,0.0,87.0,False,True,76.4,0.0,0.4,3.4,18.3,39.15,40.33,46.13,Bullish Continual,76.4
SGRL,Healthcare,0.0,0.0,False,False,0.0,0.0,0.6,1.8,21.1,496.87,502.71,598.29,Bullish,0.0
INNOVATORS,Industrial,89.6,0.0,True,False,0.0,82.0,6.4,10.9,15.7,125.57,130.85,136.58,Reversal,89.6
PREVEST,Healthcare,85.6,0.0,True,False,0.0,80.9,3.5,5.8,17.4,394.34,402.96,447.47,Reversal,85.6
SPITZE,Consumer,69.0,0.0,True,False,0.0,0.2,12.4,23.0,41.6,82.31,90.01,103.64,Reversal,69.0
SEALMATIC,Industrial,78.0,0.0,True,False,0.0,87.4,1.1,2.2,7.0,349.96,353.75,370.58,Bullish,78.0
AMIC,Industrial,0.0,0.0,False,False,0.0,84.6,1.3,2.9,20.3,1346.02,1368.14,1598.71,Bullish,0.0
PESB,Financial,82.5,0.0,True,False,79.6,0.0,2.6,4.6,20.3,232.8,237.38,273.0,Bullish,82.5
KPGEL,Industrial,82.2,0.0,True,False,0.0,86.8,1.1,2.6,3.7,357.78,363.13,367.0,Bullish,82.2
SATTRIX,IT,88.7,0.0,True,False,85.7,0.0,10.8,17.9,49.2,443.33,471.61,596.94,Bullish Continual,85.7
VVIPIL,Industrial,79.5,0.0,True,False,0.0,90.0,-1.9,-0.6,20.1,99.27,100.64,121.56,No Signal,
NISUS,Financial,89.9,0.0,True,False,0.0,84.2,-127.2,-178.3,97.9,-43.44,-125.03,315.96,Bearish,0.0
FABCLEAN,Industrial,88.3,0.0,True,False,0.0,85.8,3.1,5.6,6.4,247.46,253.55,255.35,Bullish,88.3
BRGIL,Industrial,0.0,0.0,False,False,0.0,86.7,1.3,1.4,9.4,100.29,100.4,108.31,Bullish,0.0
CNINFOTECH,IT,80.1,0.0,True,False,0.0,86.1,0.8,-0.4,13.9,84.2,83.18,95.14,Reversal,80.1
BEEZAASAN,Chemicals,74.6,0.0,True,False,0.0,88.5,0.6,2.6,28.2,199.13,203.06,253.59,Reversal,74.6
